day,label,hr_maxHeartRate,hr_minHeartRate,hr_restingHeartRate,hr_lastSevenDaysAvgRestingHeartRate,resp_lowestRespirationValue,resp_highestRespirationValue,resp_avgWakingRespirationValue,resp_avgSleepRespirationValue,resp_avgTomorrowSleepRespirationValue,str_maxStressLevel,str_avgStressLevel,sleep_sleepTimeSeconds,sleep_napTimeSeconds,sleep_unmeasurableSleepSeconds,sleep_deepSleepSeconds,sleep_lightSleepSeconds,sleep_remSleepSeconds,sleep_awakeSleepSeconds,act_totalCalories,act_activeKilocalories,act_distance,sleep_averageRespirationValue,sleep_lowestRespirationValue,sleep_highestRespirationValue,sleep_awakeCount,sleep_avgSleepStress,sleep_avgHeartRate,client_id,user_id,source_file,ts__hr_time_series__len_raw,ts__hr_time_series__nan_frac_raw,ts__hr_time_series__len,ts__hr_time_series__mean,ts__hr_time_series__std,ts__hr_time_series__min,ts__hr_time_series__max,ts__hr_time_series__range,ts__hr_time_series__median,ts__hr_time_series__mad,ts__hr_time_series__energy,ts__hr_time_series__q10,ts__hr_time_series__q25,ts__hr_time_series__q50,ts__hr_time_series__q75,ts__hr_time_series__q90,ts__hr_time_series__slope,ts__hr_time_series__diff_mean,ts__hr_time_series__diff_std,ts__hr_time_series__diff_abs_mean,ts__resp_time_series__len_raw,ts__resp_time_series__neg_frac_raw,ts__resp_time_series__neg_count_raw,ts__resp_time_series__used,ts__resp_time_series__len,ts__resp_time_series__mean,ts__resp_time_series__std,ts__resp_time_series__min,ts__resp_time_series__max,ts__resp_time_series__range,ts__resp_time_series__median,ts__resp_time_series__mad,ts__resp_time_series__energy,ts__resp_time_series__q10,ts__resp_time_series__q25,ts__resp_time_series__q50,ts__resp_time_series__q75,ts__resp_time_series__q90,ts__resp_time_series__slope,ts__resp_time_series__diff_mean,ts__resp_time_series__diff_std,ts__resp_time_series__diff_abs_mean,ts__stress_time_series__len_raw,ts__stress_time_series__neg_frac_raw,ts__stress_time_series__neg_count_raw,ts__stress_time_series__used,ts__stress_time_series__len,ts__stress_time_series__mean,ts__stress_time_series__std,ts__stress_time_series__min,ts__stress_time_series__max,ts__stress_time_series__range,ts__stress_time_series__median,ts__stress_time_series__mad,ts__stress_time_series__energy,ts__stress_time_series__q10,ts__stress_time_series__q25,ts__stress_time_series__q50,ts__stress_time_series__q75,ts__stress_time_series__q90,ts__stress_time_series__slope,ts__stress_time_series__diff_mean,ts__stress_time_series__diff_std,ts__stress_time_series__diff_abs_mean
0,84,138,50,53,55,7.0,21.0,13.0,14.0,14.0,99,35,26460.0,775.0,0.0,4080.0,17580.0,4800.0,840.0,3356.0,1080.0,9053,14.0,8.0,19.0,1.0,4.0,58.0,group6,15,dataset_user_15_train.csv,720.0,0.0,720.0,77.03472222222223,17.437592371099207,50.0,138.0,88.0,76.0,11.0,6238.418055555556,56.0,62.75,76.0,85.0,100.0,0.01274740434813081,0.006954102920723227,6.39616597056919,4.477051460361613,720.0,0.24027777777777778,173.0,1.0,547.0,13.621572212065814,2.2334769902535374,7.0,20.0,13.0,14.0,1.0,190.53564899451553,11.0,12.0,14.0,15.0,16.0,0.001027135770060015,0.0,2.206384342795214,1.5128205128205128,480.0,0.23541666666666666,113.0,1.0,367.0,34.653950953678475,26.431498619400095,0.0,95.0,95.0,32.0,26.0,1899.5204359673025,2.0,7.0,32.0,58.0,70.0,0.09254157595343576,0.03278688524590164,12.718860673167017,8.595628415300547
0,61,123,64,67,54,8.0,21.0,14.0,15.0,14.0,100,50,18060.0,0.0,0.0,6300.0,9720.0,2040.0,120.0,2887.0,950.0,6099,15.0,8.0,20.0,0.0,19.0,73.0,group6,24,dataset_user_24_train.csv,720.0,0.0,720.0,90.2375,13.60781982599221,64.0,123.0,59.0,92.0,9.0,8327.979166666666,70.0,77.0,92.0,100.0,106.0,0.04332967141783324,-0.04033379694019471,4.5933116884098775,3.3282336578581364,720.0,0.16527777777777777,119.0,1.0,601.0,14.459234608985025,2.3401477718035446,8.0,20.0,12.0,14.0,2.0,214.54575707154743,11.0,13.0,14.0,16.0,18.0,-0.0015852869801714759,0.0016666666666666668,2.416263759517068,1.8216666666666668,480.0,0.26666666666666666,128.0,1.0,352.0,49.60511363636363,26.02730814558564,4.0,94.0,90.0,56.5,18.5,3138.088068181818,11.0,20.75,56.5,70.25,80.0,0.17388570274547616,-0.042735042735042736,10.7388528270439,7.951566951566951
0,39,166,43,43,50,6.0,23.0,13.0,15.0,16.0,99,27,25020.0,0.0,0.0,7680.0,10680.0,6660.0,120.0,2959.0,840.0,13535,15.0,11.0,21.0,0.0,5.0,46.0,group6,42,dataset_user_42_train.csv,691.0,0.002894356005788712,689.0,67.86937590711176,24.401820217851068,43.0,166.0,123.0,59.0,13.0,5201.701015965167,45.0,49.0,59.0,82.0,99.20000000000005,0.0812044976600369,0.04796511627906977,6.849229411668647,4.222383720930233,720.0,0.20416666666666666,147.0,1.0,573.0,13.863874345549739,2.155144095291773,7.0,21.0,14.0,14.0,1.0,196.8516579406632,11.0,13.0,14.0,15.0,16.0,-0.004973637012967875,-0.006993006993006993,2.2508630931904237,1.597902097902098,480.0,0.25416666666666665,122.0,1.0,358.0,27.762569832402235,29.81005128546027,1.0,95.0,94.0,19.0,16.0,1659.3994413407822,2.0,3.0,19.0,39.0,88.0,0.20953375670306715,0.226890756302521,5.846932171900039,3.380952380952381
1,79,113,51,55,55,7.0,22.0,14.0,14.0,14.0,93,28,31797.0,0.0,0.0,3900.0,21600.0,6300.0,1500.0,2704.0,428.0,6369,14.0,10.0,21.0,1.0,18.0,61.0,group6,15,dataset_user_15_train.csv,720.0,0.0,720.0,71.80972222222222,12.342053895818312,51.0,113.0,62.0,69.0,8.0,5308.9625,59.0,62.0,69.0,81.0,90.0,0.0172209855085883,-0.0013908205841446453,5.789900396833826,4.023643949930459,720.0,0.12916666666666668,93.0,1.0,627.0,13.81658692185008,2.048030717104157,6.0,21.0,15.0,14.0,1.0,195.09250398724083,11.0,13.0,14.0,15.0,16.0,1.7525976661823507e-06,0.0,2.2094771185464204,1.5942492012779552,480.0,0.14375,69.0,1.0,411.0,27.951338199513383,20.72816922513339,3.0,88.0,85.0,21.0,11.0,1210.934306569343,8.0,12.0,21.0,38.0,64.0,0.03860143703839419,-0.024390243902439025,11.069377237815845,7.414634146341464
1,73,133,58,59,73,6.0,22.0,14.0,14.0,13.0,97,45,16620.0,0.0,0.0,3720.0,7380.0,5520.0,0.0,2892.0,955.0,6555,14.0,10.0,18.0,0.0,8.0,64.0,group6,24,dataset_user_24_train.csv,700.0,0.0014285714285714286,699.0,88.37052932761087,16.239667471249245,58.0,133.0,75.0,92.0,11.0,8073.077253218884,64.0,74.0,92.0,99.0,106.0,0.04362317491158939,0.008595988538681949,5.180405614114216,3.4727793696275073,720.0,0.12777777777777777,92.0,1.0,628.0,14.26592356687898,2.44317284975415,7.0,23.0,16.0,14.0,2.0,209.48566878980893,11.0,13.0,14.0,16.0,17.0,-0.0014207550935282592,0.004784688995215311,2.6209150324931687,2.011164274322169,480.0,0.23958333333333334,115.0,1.0,365.0,43.276712328767125,28.066508684536505,1.0,94.0,93.0,46.0,27.0,2660.6027397260273,5.0,14.0,46.0,69.0,77.0,0.17573262129740908,0.019230769230769232,12.012226530559223,8.145604395604396
1,87,132,46,50,50,6.0,23.0,14.0,16.0,15.0,99,33,14940.0,0.0,0.0,2520.0,11340.0,1080.0,2220.0,2494.0,375.0,10397,16.0,11.0,19.0,2.0,16.0,60.0,group6,42,dataset_user_42_train.csv,712.0,0.0014044943820224719,711.0,66.89310829817158,13.275395016420365,46.0,132.0,86.0,63.0,5.0,4650.9240506329115,55.0,59.0,63.0,70.0,85.0,-0.007718467444309338,-0.04507042253521127,6.068454306583926,3.8309859154929575,720.0,0.13055555555555556,94.0,1.0,626.0,14.257188498402556,2.432997550242155,7.0,21.0,14.0,14.0,2.0,209.18690095846645,11.0,13.0,14.0,16.0,17.0,-0.0028681718819267166,0.0016,2.499599455912887,1.8,480.0,0.17291666666666666,83.0,1.0,397.0,32.768261964735515,17.26287203461566,4.0,97.0,93.0,26.0,5.0,1371.7657430730478,19.0,23.0,26.0,38.0,56.0,-0.02531933002927775,-0.1414141414141414,8.938917410114636,5.621212121212121
2,95,155,52,56,55,7.0,22.0,13.0,14.0,15.0,98,40,26340.0,0.0,0.0,4020.0,19200.0,3120.0,60.0,3360.0,1084.0,9724,14.0,9.0,18.0,0.0,18.0,60.0,group6,15,dataset_user_15_train.csv,717.0,0.001394700139470014,716.0,80.05027932960894,17.26769960482998,52.0,155.0,103.0,80.0,10.0,6706.2206703910615,59.0,68.0,80.0,88.0,102.0,0.01753882965168348,0.006993006993006993,6.7252748439914205,4.655944055944056,720.0,0.2916666666666667,210.0,1.0,510.0,13.48235294117647,2.4064216280409205,7.0,21.0,14.0,13.0,2.0,187.56470588235294,10.0,12.0,13.0,15.0,17.0,0.0005219731943696548,0.0,2.053316833722055,1.4223968565815324,480.0,0.25833333333333336,124.0,1.0,356.0,39.70505617977528,26.191388868090606,3.0,92.0,89.0,36.5,27.5,2262.4803370786517,6.0,12.0,36.5,64.0,74.5,0.12258787357323046,0.030985915492957747,13.23084947768699,8.746478873239436
2,59,147,64,67,71,8.0,22.0,15.0,13.0,15.0,99,39,21120.0,1800.0,0.0,4020.0,13980.0,3120.0,0.0,3023.0,1086.0,6592,13.0,9.0,19.0,0.0,15.0,72.0,group6,24,dataset_user_24_train.csv,720.0,0.0,720.0,88.81805555555556,16.67904395732102,64.0,147.0,83.0,88.0,13.0,8166.8375,69.0,74.0,88.0,99.0,113.0,0.03825037921240847,-0.005563282336578581,4.955431089577122,3.2406119610570236,720.0,0.11944444444444445,86.0,1.0,634.0,14.011041009463723,2.3126734611160304,8.0,20.0,12.0,14.0,2.0,201.6577287066246,11.0,12.0,14.0,16.0,17.0,0.004199043421335007,0.0,2.112925691145649,1.5545023696682465,480.0,0.22708333333333333,109.0,1.0,371.0,37.79784366576819,24.743745338077126,4.0,98.0,94.0,31.0,20.0,2040.9299191374664,10.0,15.0,31.0,59.0,73.0,0.10187245762413139,-0.03783783783783784,9.262751659092872,6.237837837837838
2,83,128,42,43,48,8.0,22.0,14.0,15.0,15.0,99,31,26400.0,0.0,0.0,6180.0,14640.0,5580.0,0.0,3337.0,1218.0,6656,15.0,9.0,20.0,0.0,14.0,47.0,group6,42,dataset_user_42_train.csv,700.0,0.002857142857142857,698.0,71.16045845272207,28.186546727272784,42.0,193.0,151.0,65.0,14.0,5858.292263610315,45.0,51.0,65.0,78.0,104.0,0.09001892429099717,0.01291248206599713,6.2159700586440225,3.8005738880918223,720.0,0.20972222222222223,151.0,1.0,569.0,14.539543057996486,2.275165951650224,8.0,21.0,13.0,15.0,1.0,216.57469244288225,11.0,13.0,15.0,16.0,17.0,-0.0021594463646181956,0.0035211267605633804,2.336932863241933,1.75,480.0,0.2791666666666667,134.0,1.0,346.0,31.3757225433526,27.80792688943812,1.0,97.0,96.0,26.0,21.0,1757.7167630057804,2.0,6.0,26.0,49.0,73.0,0.20497264818973968,0.13333333333333333,7.000593487608316,4.405797101449275
3,82,115,50,54,55,7.0,22.0,13.0,15.0,15.0,95,29,29820.0,0.0,0.0,5580.0,17700.0,6540.0,120.0,2618.0,342.0,5928,15.0,11.0,19.0,0.0,12.0,61.0,group6,15,dataset_user_15_train.csv,720.0,0.0,720.0,72.29722222222222,11.65513682914846,50.0,115.0,65.0,71.0,8.0,5362.730555555556,58.0,63.0,71.0,80.0,89.0,0.020920693648457382,-0.015299026425591099,5.824607493113228,4.098748261474269,720.0,0.10972222222222222,79.0,1.0,641.0,13.706708268330733,2.134648839964746,8.0,20.0,12.0,14.0,1.0,192.43057722308893,11.0,12.0,14.0,15.0,16.0,-0.00022954422849811183,0.0015625,2.087536840056661,1.5296875,480.0,0.14166666666666666,68.0,1.0,412.0,28.441747572815533,19.669206252817936,2.0,82.0,80.0,24.0,12.0,1195.8106796116506,8.0,12.0,24.0,38.0,58.0,0.05889863539563437,-0.021897810218978103,12.455937221558887,8.343065693430656
3,44,138,62,64,70,7.0,22.0,15.0,15.0,15.0,99,41,16560.0,0.0,0.0,3120.0,9960.0,3480.0,0.0,3171.0,1234.0,8436,15.0,11.0,19.0,0.0,19.0,72.0,group6,24,dataset_user_24_train.csv,705.0,0.0014184397163120568,704.0,90.10227272727273,16.035500227993623,62.0,138.0,76.0,90.0,13.0,8375.556818181818,70.0,75.0,90.0,102.0,111.70000000000005,0.04300823907486842,0.004267425320056899,5.08407090358364,3.4295874822190613,720.0,0.15416666666666667,111.0,1.0,609.0,15.124794745484401,2.4254113118731446,7.0,21.0,14.0,15.0,2.0,234.64203612479474,12.0,13.0,15.0,17.0,18.0,-0.0006165073509097779,-0.008223684210526315,2.208297332303807,1.6233552631578947,480.0,0.2833333333333333,136.0,1.0,344.0,40.69767441860465,25.555033986154893,6.0,94.0,88.0,35.0,20.0,2309.360465116279,12.300000000000004,17.0,35.0,63.25,79.0,0.12954187019311553,0.02040816326530612,10.644926129923912,7.034985422740525
3,58,135,47,48,48,7.0,21.0,14.0,15.0,15.0,99,35,25080.0,0.0,0.0,4500.0,14820.0,5760.0,120.0,2776.0,657.0,7914,15.0,11.0,20.0,0.0,15.0,51.0,group6,42,dataset_user_42_train.csv,603.0,0.003316749585406302,601.0,69.35773710482529,19.195902507626474,47.0,135.0,88.0,66.0,12.0,5178.978369384359,50.0,53.0,66.0,77.0,98.0,0.05127583595447235,-0.006666666666666667,5.7706113675723785,3.71,720.0,0.28194444444444444,203.0,1.0,517.0,14.495164410058027,2.192495513880289,7.0,20.0,13.0,15.0,2.0,214.91682785299807,12.0,13.0,15.0,16.0,17.0,-0.004409127120656067,0.0,2.4296297609293886,1.744186046511628,480.0,0.3333333333333333,160.0,1.0,320.0,35.275,25.19435700707601,4.0,99.0,95.0,26.0,15.0,1879.08125,11.0,15.0,26.0,51.25,68.20000000000005,0.11727616968915712,0.006269592476489028,9.631125654972287,5.617554858934169
4,89,150,51,53,55,7.0,21.0,14.0,15.0,14.0,92,28,26460.0,6360.0,0.0,6000.0,15540.0,4920.0,540.0,3010.0,734.0,3786,15.0,8.0,19.0,1.0,19.0,61.0,group6,15,dataset_user_15_train.csv,669.0,0.0029895366218236174,667.0,75.01949025487257,17.381198661386293,51.0,150.0,99.0,71.0,8.0,5930.029985007496,57.0,63.0,71.0,80.0,96.0,0.018681547719423996,0.013513513513513514,6.206515802442908,4.196696696696697,669.0,0.12406576980568013,83.0,1.0,586.0,13.80887372013652,2.0919942706475076,8.0,21.0,13.0,14.0,1.0,195.06143344709898,11.0,12.0,14.0,15.0,16.0,-0.0002902358188390594,0.0,2.2079886039591954,1.606837606837607,446.0,0.1591928251121076,71.0,1.0,375.0,27.973333333333333,20.68878816063318,1.0,83.0,82.0,23.0,13.0,1210.5333333333333,4.0,12.0,23.0,40.0,61.0,0.0999167140744112,0.0374331550802139,12.170301796493145,7.716577540106952
4,55,140,62,65,69,7.0,24.0,16.0,15.0,15.0,98,35,15120.0,0.0,0.0,2160.0,10620.0,2340.0,660.0,2573.0,636.0,2056,15.0,8.0,18.0,1.0,16.0,72.0,group6,24,dataset_user_24_train.csv,584.0,0.003424657534246575,582.0,85.08934707903781,15.17556783200767,62.0,140.0,78.0,82.0,12.0,7470.494845360825,66.1,73.0,82.0,96.0,105.0,0.04699001230546591,0.012048192771084338,4.519781661720218,2.9483648881239244,720.0,0.2638888888888889,190.0,1.0,530.0,15.58867924528302,2.2605442972341683,8.0,22.0,14.0,16.0,2.0,248.11698113207547,13.0,14.0,16.0,17.0,18.0,0.0006506333740986737,-0.001890359168241966,2.3141702509045667,1.6880907372400755,480.0,0.3958333333333333,190.0,1.0,290.0,34.43103448275862,24.088423367027485,5.0,94.0,89.0,26.0,13.0,1765.748275862069,10.900000000000002,15.0,26.0,49.0,72.0,0.0931372754032501,-0.04844290657439446,10.947392573113222,6.996539792387543
4,88,128,49,51,49,8.0,23.0,14.0,15.0,15.0,94,35,18540.0,0.0,0.0,3300.0,13740.0,1500.0,420.0,3021.0,902.0,17872,15.0,11.0,19.0,0.0,28.0,55.0,group6,42,dataset_user_42_train.csv,497.0,0.008048289738430584,493.0,77.39148073022312,28.271124476153766,49.0,191.0,142.0,71.0,13.0,6788.697768762678,53.2,58.0,71.0,84.0,106.0,0.048442187865227235,-0.024390243902439025,5.770281889429844,3.5203252032520327,670.0,0.4134328358208955,277.0,1.0,393.0,14.48091603053435,2.094526290659085,9.0,23.0,14.0,15.0,1.0,214.08396946564886,12.0,13.0,15.0,16.0,17.0,-0.003639259400431619,0.0,2.3819045715047236,1.739795918367347,447.0,0.43400447427293065,194.0,1.0,253.0,34.24901185770751,21.661728537060426,8.0,89.0,81.0,25.0,12.0,1642.2252964426877,13.0,17.0,25.0,50.0,70.0,0.1399412524027382,-0.04365079365079365,10.19814016682365,6.305555555555555
5,94,133,52,56,55,8.0,23.0,13.0,14.0,15.0,96,39,28320.0,0.0,0.0,4560.0,16620.0,7140.0,1080.0,2944.0,668.0,5862,14.0,10.0,17.0,1.0,15.0,63.0,group6,15,dataset_user_15_train.csv,720.0,0.0,720.0,77.66388888888889,15.325843329664835,52.0,133.0,81.0,77.0,12.0,6266.561111111111,59.0,65.0,77.0,88.0,97.0,0.02552210427360651,-0.016689847009735744,5.874179103639541,4.1557719054242,720.0,0.14444444444444443,104.0,1.0,616.0,13.564935064935066,2.2044091727667627,8.0,21.0,13.0,14.0,2.0,188.86688311688312,11.0,12.0,14.0,15.0,16.0,-0.0010220399831816205,0.0,2.1253407187393996,1.551219512195122,480.0,0.17916666666666667,86.0,1.0,394.0,38.464467005076145,27.410583867634912,1.0,93.0,92.0,28.0,21.0,2230.8553299492387,6.0,15.0,28.0,66.0,78.0,0.11046114953601538,-0.04834605597964377,11.786705045920714,7.6106870229007635
5,54,146,63,67,69,8.0,23.0,15.0,15.0,14.0,99,35,17621.0,7680.0,0.0,5280.0,11520.0,840.0,120.0,2971.0,1034.0,6650,15.0,12.0,20.0,0.0,18.0,72.0,group6,24,dataset_user_24_train.csv,687.0,0.001455604075691412,686.0,87.30320699708454,16.153100098011965,63.0,146.0,83.0,86.0,14.0,7882.772594752187,69.0,73.0,86.0,100.0,111.0,0.04272062131380914,-0.0072992700729927005,5.058917616504879,3.3532846715328466,720.0,0.19305555555555556,139.0,1.0,581.0,15.030981067125646,2.215359596656644,8.0,22.0,14.0,15.0,2.0,230.8382099827883,12.0,13.0,15.0,17.0,18.0,-0.0019744204587381067,0.0,2.265178686717368,1.6344827586206896,480.0,0.2916666666666667,140.0,1.0,340.0,34.95882352941177,23.44802911129531,7.0,99.0,92.0,23.0,11.0,1771.929411764706,12.0,15.0,23.0,55.0,73.0,0.1297036459199983,0.05309734513274336,11.026790150625073,6.678466076696165
5,87,103,39,42,48,7.0,22.0,15.0,15.0,14.0,96,22,26367.0,0.0,0.0,4080.0,16260.0,6060.0,0.0,2280.0,161.0,5446,15.0,11.0,20.0,0.0,6.0,47.0,group6,42,dataset_user_42_train.csv,718.0,0.001392757660167131,717.0,59.35983263598327,12.084382718627372,39.0,103.0,64.0,59.0,9.0,3669.6220362622034,45.0,49.0,59.0,67.0,74.0,0.02426860933696193,-0.013966480446927373,5.460863849951147,3.463687150837989,720.0,0.09722222222222222,70.0,1.0,650.0,14.68,2.1892886094310673,7.0,21.0,14.0,15.0,1.0,220.29538461538462,12.0,13.0,15.0,16.0,17.0,-0.001361437905997775,0.015408320493066256,2.1542397072218167,1.5993836671802772,480.0,0.1375,66.0,1.0,414.0,22.02415458937198,18.51789566970484,1.0,91.0,90.0,21.5,14.5,827.975845410628,2.0,5.0,21.5,31.0,47.69999999999999,0.07766482288771889,-0.01937046004842615,8.870311916837228,5.113801452784504
6,91,127,50,53,54,7.0,21.0,14.0,15.0,14.0,99,42,26580.0,0.0,0.0,4320.0,14760.0,7500.0,60.0,3321.0,1045.0,8247,15.0,10.0,19.0,0.0,12.0,61.0,group6,15,dataset_user_15_train.csv,720.0,0.0,720.0,80.32638888888889,16.799069857316137,50.0,127.0,77.0,81.0,15.0,6734.5375,59.0,64.0,81.0,93.25,103.0,0.018819946926337948,0.011126564673157162,6.094288233957858,4.2002781641168285,720.0,0.17916666666666667,129.0,1.0,591.0,13.862944162436548,2.2544929673940826,7.0,20.0,13.0,14.0,1.0,197.26395939086294,11.0,12.0,14.0,15.0,17.0,0.00010527821118890502,-0.005084745762711864,2.215884391588594,1.6220338983050848,480.0,0.23541666666666666,113.0,1.0,367.0,40.84741144414169,29.447845877319534,2.0,97.0,95.0,33.0,24.0,2535.6866485013625,7.0,13.0,33.0,70.0,82.0,0.0846063126698142,0.02185792349726776,12.12253300198378,7.967213114754099
6,80,143,62,66,65,7.0,23.0,14.0,14.0,15.0,99,51,15240.0,0.0,0.0,3540.0,9600.0,2100.0,960.0,3571.0,425.0,6420,14.0,9.0,18.0,1.0,14.0,69.0,group6,24,dataset_user_24_train.csv,720.0,0.001388888888888889,719.0,93.93184979137692,15.97762955605639,62.0,143.0,81.0,96.0,11.0,9078.477051460362,68.8,83.0,96.0,106.0,112.0,0.04543101878576326,-0.001392757660167131,5.017379073554936,3.566852367688022,720.0,0.15694444444444444,113.0,1.0,607.0,14.200988467874794,2.6459005645018285,7.0,23.0,16.0,14.0,2.0,208.66886326194398,11.0,13.0,14.0,16.0,17.0,-0.0025959729849686585,0.006600660066006601,2.4836008662765967,1.881188118811881,480.0,0.3416666666666667,164.0,1.0,316.0,50.81012658227848,30.460630722862746,4.0,97.0,93.0,58.5,28.5,3509.518987341772,12.0,17.0,58.5,77.25,91.0,0.22114002011777836,0.006349206349206349,10.187759119553963,7.14920634920635
6,83,121,41,41,45,8.0,23.0,15.0,14.0,15.0,97,22,25320.0,0.0,0.0,5040.0,14100.0,6180.0,0.0,2432.0,313.0,9966,14.0,10.0,18.0,0.0,8.0,45.0,group6,42,dataset_user_42_train.csv,714.0,0.0014005602240896359,713.0,59.15848527349229,13.094172400777524,41.0,121.0,80.0,59.0,10.0,3671.1837307152873,43.0,48.0,59.0,67.0,77.0,0.0316656233699178,0.0056179775280898875,5.917264011530052,3.648876404494382,720.0,0.14444444444444443,104.0,1.0,616.0,14.587662337662337,2.20583134847889,7.0,23.0,16.0,15.0,1.0,217.66558441558442,12.0,13.0,15.0,16.0,17.0,0.0009978083741771125,-0.008130081300813009,2.3467532837835283,1.6991869918699187,480.0,0.18958333333333333,91.0,1.0,389.0,22.452442159383033,17.94853899002575,1.0,69.0,68.0,21.0,16.0,826.2622107969152,2.0,5.0,21.0,35.0,50.0,0.10628240124437087,0.023195876288659795,8.730027461417082,5.25
7,91,118,51,55,55,7.0,21.0,13.0,14.0,14.0,96,32,29880.0,0.0,0.0,4320.0,19260.0,6300.0,420.0,2873.0,597.0,8930,14.0,11.0,19.0,0.0,12.0,62.0,group6,15,dataset_user_15_train.csv,720.0,0.0,720.0,74.89722222222223,13.548595378429273,51.0,118.0,67.0,74.0,11.0,5793.158333333334,59.0,63.0,74.0,84.0,94.0,0.018443290464166276,-0.004172461752433936,6.0091478111884005,4.346314325452017,720.0,0.1361111111111111,98.0,1.0,622.0,13.618971061093248,1.9224081149894603,7.0,18.0,11.0,14.0,1.0,189.17202572347267,11.0,12.0,14.0,15.0,16.0,-0.0002510043727918845,0.00322061191626409,2.0610620430281132,1.500805152979066,480.0,0.18125,87.0,1.0,393.0,31.300254452926207,22.922514126493063,1.0,91.0,90.0,23.0,15.0,1505.147582697201,7.200000000000003,12.0,23.0,49.0,64.0,0.06471072948883509,-0.00510204081632653,12.292978520600897,8.387755102040817
7,77,137,60,61,64,7.0,22.0,14.0,15.0,14.0,99,38,22200.0,0.0,0.0,4200.0,15000.0,3000.0,1020.0,2463.0,425.0,8486,15.0,11.0,19.0,1.0,9.0,65.0,group6,24,dataset_user_24_train.csv,717.0,0.001394700139470014,716.0,94.15782122905028,21.572897277114514,60.0,137.0,77.0,103.0,15.0,9331.085195530726,64.0,68.75,103.0,113.0,118.0,0.07238134110577485,-0.02097902097902098,4.4637914385142246,3.1034965034965034,720.0,0.20694444444444443,149.0,1.0,571.0,14.06830122591944,2.1962937465186085,7.0,20.0,13.0,14.0,2.0,202.74080560420316,11.0,13.0,14.0,16.0,17.0,-0.0030962861454150977,0.012280701754385965,2.366770705059815,1.7736842105263158,480.0,0.4375,210.0,1.0,270.0,36.65925925925926,35.112235487544574,2.0,99.0,97.0,16.5,11.5,2576.7703703703705,5.0,9.0,16.5,72.75,95.0,0.300279686811738,-0.10780669144981413,11.452808231127799,6.4200743494423795
7,46,126,50,53,54,9.0,23.0,14.0,14.0,15.0,96,30,25380.0,0.0,0.0,4800.0,15600.0,4560.0,480.0,2425.0,553.0,3798,15.0,12.0,21.0,1.0,16.0,79.0,group6,33,dataset_user_33_train.csv,274.0,0.0,274.0,96.16058394160584,9.425647242305669,74.0,126.0,52.0,95.0,6.0,9335.700729927008,86.0,90.0,95.0,102.0,109.0,0.06343845935086811,0.054945054945054944,6.264668011157601,4.663003663003663,273.0,0.20146520146520147,55.0,1.0,218.0,14.18348623853211,2.45010817066834,9.0,22.0,13.0,14.0,2.0,207.1743119266055,11.0,12.0,14.0,16.0,17.0,-0.008139371240231917,0.013824884792626729,2.8840563834278425,2.2534562211981566,182.0,0.2802197802197802,51.0,1.0,131.0,69.29770992366412,13.7988242980139,19.0,94.0,75.0,71.0,9.0,4992.580152671756,50.0,61.0,71.0,79.0,85.0,0.1996530187369882,0.06153846153846154,11.543732129571005,8.107692307692307
7,81,182,41,43,45,9.0,22.0,15.0,15.0,15.0,99,24,23400.0,0.0,0.0,5400.0,12360.0,5640.0,360.0,3066.0,947.0,18248,15.0,11.0,18.0,0.0,8.0,47.0,group6,42,dataset_user_42_train.csv,683.0,0.0029282576866764276,681.0,66.20264317180617,25.6849211905982,41.0,182.0,141.0,59.0,10.0,5042.505139500734,46.0,50.0,59.0,71.0,93.0,0.07593400505654223,0.0029411764705882353,6.167752250218,3.791176470588235,720.0,0.20694444444444443,149.0,1.0,571.0,15.043782837127846,2.097411226074683,9.0,22.0,13.0,15.0,1.0,230.71453590192644,12.0,14.0,15.0,16.0,18.0,-0.00273796624612368,-0.012280701754385965,2.2551749592094006,1.580701754385965,480.0,0.2520833333333333,121.0,1.0,359.0,24.37883008356546,19.32499349447905,1.0,98.0,97.0,21.0,10.0,967.7827298050139,5.800000000000004,10.0,21.0,31.0,52.19999999999999,0.09408480000829948,-0.03910614525139665,7.109175068230094,4.35754189944134
8,89,118,46,52,54,7.0,20.0,14.0,14.0,14.0,99,35,29368.0,0.0,0.0,5940.0,16680.0,6780.0,0.0,2748.0,472.0,6989,14.0,10.0,18.0,0.0,18.0,57.0,group6,15,dataset_user_15_train.csv,720.0,0.0,720.0,73.95138888888889,14.348407703523874,46.0,118.0,72.0,75.0,11.0,5674.684722222222,54.900000000000006,62.0,75.0,84.0,93.0,0.03011208547855995,-0.0013908205841446453,6.68764649110264,4.680111265646731,720.0,0.125,90.0,1.0,630.0,13.811111111111112,2.009707481763825,8.0,20.0,12.0,14.0,1.0,194.78571428571428,11.0,13.0,14.0,15.0,16.0,4.67193344978373e-05,-0.006359300476947536,2.225011231567405,1.643879173290938,480.0,0.1625,78.0,1.0,402.0,34.592039800995025,25.82899632318477,1.0,95.0,94.0,31.5,23.5,1863.7462686567164,4.0,10.0,31.5,55.75,72.90000000000003,0.10455214506232843,0.02493765586034913,13.904353596491383,9.371571072319203
8,65,135,62,63,65,8.0,23.0,14.0,14.0,15.0,99,45,22680.0,0.0,0.0,5460.0,13920.0,3300.0,1020.0,3324.0,1387.0,8034,14.0,10.0,18.0,1.0,11.0,68.0,group6,24,dataset_user_24_train.csv,713.0,0.001402524544179523,712.0,91.55196629213484,17.71346839062949,62.0,135.0,73.0,94.0,13.0,8695.529494382023,66.0,74.0,94.0,103.0,115.0,0.06077002939430263,0.005625879043600563,4.652174226124421,3.0970464135021096,720.0,0.16805555555555557,121.0,1.0,599.0,14.437395659432386,2.313278190943684,9.0,21.0,12.0,14.0,2.0,213.78964941569282,11.0,13.0,14.0,16.0,17.0,-0.00030736846807108924,0.0016722408026755853,2.3770778018086616,1.7709030100334449,480.0,0.27708333333333335,133.0,1.0,347.0,44.73487031700288,29.780929630415674,3.0,94.0,91.0,52.0,28.0,2888.1123919308357,7.600000000000001,11.0,52.0,72.5,82.0,0.20932575640516765,-0.06647398843930635,11.266281872047301,7.563583815028902
8,81,164,68,70,78,7.0,22.0,15.0,15.0,15.0,96,44,21600.0,0.0,0.0,6900.0,12720.0,1980.0,780.0,3075.0,1203.0,10729,14.0,10.0,19.0,0.0,16.0,59.0,group6,33,dataset_user_33_train.csv,720.0,0.0,720.0,93.45416666666667,13.843394308197041,68.0,164.0,96.0,93.0,8.0,8925.320833333333,75.0,85.0,93.0,101.0,109.0,0.022943572422014696,-0.019471488178025034,5.635389789491669,3.913769123783032,720.0,0.1736111111111111,125.0,1.0,595.0,14.818487394957984,2.4406903000170703,7.0,21.0,14.0,15.0,2.0,225.54453781512606,12.0,13.0,15.0,16.0,18.0,-0.0017468691767941657,0.006734006734006734,2.3210256440545187,1.7407407407407407,480.0,0.33125,159.0,1.0,321.0,43.72274143302181,17.49466531840278,15.0,91.0,76.0,42.0,14.0,2217.7414330218066,22.0,28.0,42.0,55.0,67.0,-0.005290387182910546,-0.0875,11.610817962142029,8.25625
8,84,108,44,45,45,7.0,21.0,14.0,15.0,14.0,88,24,22542.0,0.0,0.0,5280.0,11940.0,5340.0,60.0,2386.0,267.0,7645,15.0,10.0,18.0,0.0,9.0,48.0,group6,42,dataset_user_42_train.csv,684.0,0.0014619883040935672,683.0,59.82869692532943,11.153065060092068,44.0,108.0,64.0,58.0,7.0,3703.8638360175696,48.0,51.0,58.0,66.0,75.0,0.013498315803635143,-0.017595307917888565,5.097263491052957,3.4222873900293256,720.0,0.15555555555555556,112.0,1.0,608.0,14.233552631578947,2.037007740953284,8.0,21.0,13.0,14.0,1.0,206.7434210526316,11.0,13.0,14.0,16.0,17.0,-0.0028090841487630907,-0.006589785831960461,2.07835540453811,1.5222405271828665,480.0,0.18958333333333333,91.0,1.0,389.0,23.362467866323907,16.609834794617747,2.0,83.0,81.0,21.0,11.0,821.6915167095116,5.0,10.0,21.0,31.0,46.0,0.04594651896218165,-0.06701030927835051,8.333922996107438,5.164948453608248
9,90,135,51,55,54,7.0,20.0,14.0,14.0,14.0,99,39,31736.0,0.0,0.0,4680.0,21180.0,5880.0,420.0,3076.0,800.0,7738,14.0,11.0,19.0,0.0,14.0,61.0,group6,15,dataset_user_15_train.csv,720.0,0.0,720.0,78.13194444444444,16.234670773009984,51.0,135.0,84.0,78.0,14.0,6368.165277777778,59.0,63.0,78.0,90.0,101.0,0.03375043483237172,-0.004172461752433936,6.077728727482048,4.068150208623088,720.0,0.1375,99.0,1.0,621.0,13.619967793880837,2.0296959623169815,7.0,20.0,13.0,14.0,1.0,189.6231884057971,11.0,12.0,14.0,15.0,16.0,0.001040844581339659,0.004838709677419355,2.2757435806683435,1.685483870967742,480.0,0.175,84.0,1.0,396.0,38.81060606060606,27.98758723124646,2.0,99.0,97.0,26.0,19.0,2289.568181818182,9.0,14.0,26.0,64.0,79.0,0.10993546728967449,-0.010126582278481013,11.677735983721156,7.782278481012658
9,31,138,62,66,65,7.0,22.0,14.0,15.0,16.0,99,42,18420.0,0.0,1620.0,3840.0,11760.0,2820.0,0.0,2463.0,425.0,13123,15.0,12.0,19.0,0.0,16.0,72.0,group6,24,dataset_user_24_train.csv,700.0,0.004285714285714286,697.0,99.8780487804878,20.544965353042947,62.0,138.0,76.0,103.0,16.0,10397.720229555236,70.0,78.0,103.0,117.0,125.0,0.06234483835972114,0.021551724137931036,5.9804130393216015,3.7543103448275863,720.0,0.33055555555555555,238.0,1.0,482.0,14.45850622406639,2.26724380010871,8.0,21.0,13.0,15.0,1.0,214.18879668049792,11.0,13.0,15.0,16.0,17.0,-0.005825717353770754,-0.008316008316008316,2.1666373804567254,1.5841995841995842,480.0,0.5333333333333333,256.0,0.0,367.0,29.91931540342298,20.106173054853656,3.0,93.0,89.0,23.5,11.0,1350.5459610027856,9.0,14.0,23.5,42.0,62.60000000000002,0.08132908976897116,0.00228310502283105,10.553831865413933,6.506849315068493
9,81,149,69,71,75,8.0,23.0,15.0,15.0,16.0,99,35,30840.0,0.0,0.0,5820.0,18120.0,6900.0,0.0,2949.0,1077.0,8402,15.0,12.0,20.0,0.0,26.0,79.0,group6,33,dataset_user_33_train.csv,720.0,0.0,720.0,90.85972222222222,14.062402194447259,69.0,149.0,80.0,90.0,10.0,8453.240277777777,74.0,79.0,90.0,99.0,108.0,0.02629526998830371,-0.006954102920723227,5.4991420786800544,3.66759388038943,720.0,0.1111111111111111,80.0,1.0,640.0,15.35,1.9841559918514473,8.0,21.0,13.0,15.0,1.0,239.559375,13.0,14.0,15.0,17.0,18.0,0.0006361557279192576,-0.004694835680751174,2.0703533357965136,1.4632237871674492,480.0,0.19583333333333333,94.0,1.0,386.0,34.75647668393783,20.697119321490263,5.0,93.0,88.0,26.5,12.5,1636.3834196891191,13.0,17.0,26.5,50.0,67.0,0.05535158098117491,-0.07792207792207792,10.444866052327862,6.815584415584415
9,65,172,41,42,45,7.0,22.0,15.0,14.0,14.0,98,23,24780.0,0.0,0.0,7020.0,12360.0,5400.0,720.0,3123.0,1004.0,6656,14.0,10.0,18.0,1.0,5.0,45.0,group6,42,dataset_user_42_train.csv,705.0,0.0028368794326241137,703.0,65.36984352773827,25.18392769888198,41.0,172.0,131.0,58.0,11.0,4907.446657183499,44.0,48.0,58.0,72.0,97.0,0.074306674635622,0.008547008547008548,6.353538251727636,3.814814814814815,720.0,0.18888888888888888,136.0,1.0,584.0,14.398972602739725,2.056579561407746,7.0,20.0,13.0,14.0,1.0,211.55993150684932,12.0,13.0,14.0,16.0,17.0,0.0007480113579880962,0.005145797598627788,2.4124407981990155,1.7821612349914238,480.0,0.23333333333333334,112.0,1.0,368.0,23.565217391304348,22.007807087005013,1.0,93.0,92.0,19.5,14.5,1039.6630434782608,2.0,5.0,19.5,33.25,55.0,0.13715647492927957,0.027247956403269755,7.5257464565787995,4.561307901907357
10,96,144,51,56,54,8.0,20.0,14.0,14.0,14.0,99,33,31560.0,0.0,0.0,5940.0,20340.0,5280.0,660.0,3871.0,425.0,11008,14.0,11.0,17.0,1.0,12.0,60.0,group6,15,dataset_user_15_train.csv,648.0,0.0015432098765432098,647.0,81.629057187017,22.019907170217206,51.0,144.0,93.0,74.0,17.0,7148.179289026275,57.0,61.0,74.0,103.0,112.0,0.04747250636111345,0.0046439628482972135,6.280219335675889,4.413312693498452,720.0,0.2708333333333333,195.0,1.0,525.0,13.963809523809523,1.8217272708704524,9.0,19.0,10.0,14.0,1.0,198.30666666666667,12.0,13.0,14.0,15.0,16.0,-0.00045187854261084337,0.003816793893129771,1.9894724675802755,1.4694656488549618,480.0,0.35625,171.0,1.0,309.0,33.64724919093851,32.67177904789901,3.0,98.0,95.0,17.0,11.0,2199.5825242718447,5.0,8.0,17.0,64.0,93.0,0.15764232635513567,0.025974025974025976,10.120666814916204,5.941558441558442
10,92,129,61,68,65,8.0,23.0,15.0,16.0,14.0,98,40,25380.0,4500.0,0.0,2760.0,8400.0,0.0,240.0,2805.0,868.0,3116,16.0,10.0,21.0,0.0,16.0,83.0,group6,24,dataset_user_24_train.csv,669.0,0.0014947683109118087,668.0,90.64670658682634,12.442118850451438,61.0,129.0,68.0,89.0,9.0,8371.631736526946,76.0,81.0,89.0,98.0,109.0,0.005921920219235728,-0.07496251874062969,5.523054023655784,3.571214392803598,720.0,0.1736111111111111,125.0,1.0,595.0,15.196638655462184,2.4781374400850193,9.0,23.0,14.0,15.0,2.0,237.07899159663864,12.0,13.0,15.0,17.0,19.0,-0.004854534858482747,0.0016835016835016834,2.3068476298557092,1.6952861952861953,480.0,0.28958333333333336,139.0,1.0,341.0,39.011730205278596,17.912131006174075,6.0,97.0,91.0,36.0,12.0,1842.7595307917888,19.0,25.0,36.0,50.0,64.0,-0.026593610125019287,-0.23529411764705882,11.549532263331278,8.052941176470588
10,81,130,69,71,74,9.0,23.0,16.0,16.0,15.0,96,28,29400.0,0.0,0.0,3480.0,21540.0,4380.0,360.0,2457.0,585.0,3760,16.0,13.0,20.0,0.0,21.0,81.0,group6,33,dataset_user_33_train.csv,720.0,0.0,720.0,87.95972222222223,10.29494427865529,69.0,130.0,61.0,87.0,6.0,7842.898611111111,75.0,81.0,87.0,93.0,102.0,0.010260741886719172,-0.0013908205841446453,5.014443479227695,3.5396383866481225,720.0,0.15,108.0,1.0,612.0,16.07843137254902,1.9902685198831802,10.0,21.0,11.0,16.0,1.0,262.47712418300654,14.0,15.0,16.0,17.0,19.0,0.00013621829227388358,-0.0032733224222585926,2.049307676538126,1.453355155482815,480.0,0.18958333333333333,91.0,1.0,389.0,27.740359897172237,15.43297777343397,6.0,84.0,78.0,24.0,9.0,1007.7043701799486,12.0,16.0,24.0,35.0,51.19999999999999,0.014731239131631362,0.002577319587628866,9.56327239622683,6.569587628865979
10,70,126,43,45,44,7.0,22.0,13.0,14.0,14.0,89,25,18360.0,0.0,0.0,6240.0,9600.0,2520.0,120.0,2658.0,539.0,12717,14.0,10.0,17.0,0.0,14.0,48.0,group6,42,dataset_user_42_train.csv,687.0,0.004366812227074236,684.0,62.77485380116959,14.514125378573167,43.0,126.0,83.0,61.0,9.0,4151.3421052631575,47.0,52.0,61.0,69.0,83.0,0.03649995022074428,0.017569546120058566,5.435605887995771,3.657393850658858,720.0,0.22361111111111112,161.0,1.0,559.0,13.923076923076923,2.2387433814292375,8.0,21.0,13.0,14.0,2.0,198.86404293381037,11.0,12.0,14.0,16.0,17.0,-0.004500163502414064,-0.012544802867383513,2.427040096806241,1.7544802867383513,480.0,0.25625,123.0,1.0,357.0,24.591036414565828,16.09741800515995,1.0,85.0,84.0,21.0,10.0,863.8459383753501,7.0,12.0,21.0,34.0,48.0,0.06748061097516654,0.019662921348314606,8.458235525272675,5.429775280898877
11,88,120,44,50,54,6.0,20.0,13.0,14.0,14.0,96,25,30218.0,0.0,1080.0,4620.0,18300.0,7320.0,60.0,2745.0,469.0,5526,14.0,9.0,19.0,0.0,9.0,56.0,group6,15,dataset_user_15_train.csv,685.0,0.00291970802919708,683.0,69.65446559297219,14.866928221023011,44.0,120.0,76.0,68.0,10.0,5072.7701317715955,52.0,57.5,68.0,78.0,92.0,0.0312323005338191,-0.002932551319648094,6.778869417463976,4.826979472140763,720.0,0.21944444444444444,158.0,1.0,562.0,13.261565836298933,2.029388098293366,8.0,20.0,12.0,13.0,1.0,179.98754448398577,11.0,12.0,13.0,15.0,16.0,-0.0016995357721029988,0.0017825311942959,2.296629405564622,1.71301247771836,480.0,0.21666666666666667,104.0,1.0,376.0,24.180851063829788,19.83466917806672,1.0,96.0,95.0,21.0,13.0,978.1276595744681,3.0,8.0,21.0,34.0,49.5,0.0792110164230487,0.010666666666666666,11.475650434240706,7.573333333333333
11,58,133,59,62,65,7.0,22.0,15.0,14.0,15.0,99,34,27360.0,0.0,0.0,6540.0,14700.0,6120.0,600.0,3130.0,1193.0,11901,14.0,9.0,18.0,1.0,11.0,68.0,group6,24,dataset_user_24_train.csv,618.0,0.0016181229773462784,617.0,86.17504051863857,19.287935767346777,59.0,133.0,74.0,85.0,17.0,7798.162074554295,64.0,68.0,85.0,101.0,114.0,0.0818270099870704,0.06655844155844155,5.390930199456839,3.4301948051948052,720.0,0.2833333333333333,204.0,1.0,516.0,14.686046511627907,2.619670497832984,7.0,21.0,14.0,15.0,2.0,222.54263565891472,11.0,13.0,15.0,16.0,18.0,0.0034677370399857103,0.005825242718446602,2.3078517410744306,1.629126213592233,480.0,0.34791666666666665,167.0,1.0,313.0,33.52076677316294,29.71225772029078,2.0,98.0,96.0,18.0,13.0,2006.4600638977636,5.0,9.0,18.0,59.0,80.0,0.26778633852665723,0.24358974358974358,10.996136731196865,6.5
11,74,130,67,70,73,9.0,23.0,15.0,15.0,15.0,99,36,23996.0,2760.0,0.0,6480.0,12900.0,4620.0,0.0,2807.0,935.0,4776,15.0,13.0,19.0,0.0,14.0,78.0,group6,33,dataset_user_33_train.csv,720.0,0.0,720.0,90.09166666666667,12.010524898327022,67.0,130.0,63.0,89.0,9.0,8260.761111111111,76.0,80.0,89.0,97.25,106.0,0.029822684843142058,0.022253129346314324,5.3069408916214025,3.744089012517385,720.0,0.12083333333333333,87.0,1.0,633.0,15.453396524486571,1.9369505835584653,9.0,22.0,13.0,15.0,1.0,242.55924170616115,13.0,14.0,15.0,17.0,18.0,-0.0021306953934966447,-0.006329113924050633,2.029830807450192,1.4588607594936709,480.0,0.18958333333333333,91.0,1.0,389.0,35.47043701799486,24.17518060723772,5.0,96.0,91.0,25.0,15.0,1842.5912596401029,10.0,15.0,25.0,55.0,72.0,0.1265413461793288,0.15206185567010308,12.517001669740944,8.311855670103093
11,93,134,41,43,43,6.0,21.0,13.0,14.0,14.0,99,20,19260.0,0.0,0.0,4260.0,11520.0,3480.0,240.0,2397.0,278.0,6390,14.0,10.0,18.0,0.0,11.0,46.0,group6,42,dataset_user_42_train.csv,649.0,0.0015408320493066256,648.0,58.53395061728395,13.584966562026882,41.0,134.0,93.0,57.0,8.0,3610.7746913580245,45.0,48.0,57.0,64.0,72.0,0.03353261216148597,0.010819165378670788,5.70296761949417,3.902627511591963,720.0,0.26944444444444443,194.0,1.0,526.0,13.595057034220533,2.3491553163146004,6.0,20.0,14.0,14.0,1.0,190.34410646387832,10.0,12.0,14.0,15.0,16.0,-0.004960302286007007,-0.005714285714285714,2.2740703415609964,1.7085714285714286,480.0,0.32708333333333334,157.0,1.0,323.0,20.018575851393187,18.761983872679185,1.0,99.0,98.0,16.0,10.0,752.7554179566564,3.0,6.0,16.0,25.0,40.80000000000001,0.10536357945161284,0.012422360248447204,10.840164318641678,5.701863354037267
12,86,137,48,50,53,7.0,20.0,13.0,14.0,15.0,97,32,26880.0,0.0,0.0,7020.0,15120.0,4740.0,180.0,2899.0,623.0,7261,14.0,9.0,17.0,0.0,17.0,56.0,group6,15,dataset_user_15_train.csv,720.0,0.0,720.0,72.78333333333333,15.855957520405033,48.0,137.0,89.0,72.0,10.0,5548.825,53.0,61.0,72.0,81.0,90.0,0.03043238252131402,-0.013908205841446454,6.811985358998669,4.770514603616133,720.0,0.10972222222222222,79.0,1.0,641.0,13.433697347893915,2.0927898425160527,7.0,19.0,12.0,14.0,1.0,184.8439937597504,11.0,12.0,14.0,15.0,16.0,-0.0021323738463557237,-0.0015625,2.2558945140661497,1.6640625,480.0,0.15416666666666667,74.0,1.0,406.0,32.275862068965516,23.666978484002893,1.0,95.0,94.0,28.5,19.5,1601.857142857143,3.5,10.0,28.5,51.0,67.0,0.11065449686139339,-0.0024691358024691358,13.048153696635502,8.807407407407407
12,65,130,59,60,64,7.0,23.0,14.0,15.0,15.0,98,53,17880.0,0.0,0.0,3300.0,12000.0,2580.0,2460.0,3230.0,1293.0,5942,15.0,9.0,18.0,0.0,23.0,68.0,group6,24,dataset_user_24_train.csv,720.0,0.0,720.0,91.62916666666666,15.84236529671136,59.0,130.0,71.0,96.0,9.0,8646.884722222223,66.0,81.0,96.0,103.0,108.10000000000002,0.048554797237906185,-0.02086230876216968,4.926820112318858,3.4756606397774688,720.0,0.12916666666666668,93.0,1.0,627.0,14.586921850079746,2.5477928525941644,8.0,22.0,14.0,15.0,2.0,219.2695374800638,11.0,13.0,15.0,16.0,18.0,-0.0024720390081504552,0.003194888178913738,2.4857400368318268,1.8594249201277955,480.0,0.25625,123.0,1.0,357.0,52.70868347338936,31.675247388873057,2.0,96.0,94.0,66.0,21.0,3781.5266106442577,7.0,16.0,66.0,80.0,88.0,0.21186534999411855,-0.042134831460674156,9.898128295647686,6.609550561797753
12,80,143,68,73,73,8.0,22.0,15.0,15.0,16.0,99,42,22500.0,0.0,0.0,5160.0,11700.0,5640.0,300.0,3348.0,1476.0,8447,15.0,12.0,20.0,0.0,24.0,82.0,group6,33,dataset_user_33_train.csv,720.0,0.0,720.0,95.26944444444445,14.117942080212927,68.0,143.0,75.0,93.0,10.0,9275.583333333334,78.9,85.0,93.0,104.0,114.0,0.021328680546580273,0.0,5.25828044257774,3.618915159944367,720.0,0.1875,135.0,1.0,585.0,15.347008547008548,2.161258443536082,8.0,21.0,13.0,15.0,1.0,240.2017094017094,13.0,14.0,15.0,17.0,18.0,-0.000543713459230781,0.00684931506849315,2.374223954948849,1.7157534246575343,480.0,0.2875,138.0,1.0,342.0,41.6812865497076,21.631432906140546,8.0,98.0,90.0,38.5,17.5,2205.248538011696,16.1,22.0,38.5,59.0,70.0,0.04623579416552634,-0.008797653958944282,12.62137246244991,8.366568914956012
12,74,128,40,42,43,7.0,23.0,14.0,14.0,15.0,99,22,27420.0,0.0,0.0,5220.0,15480.0,6720.0,300.0,3067.0,948.0,18298,14.0,10.0,17.0,0.0,7.0,46.0,group6,42,dataset_user_42_train.csv,590.0,0.006779661016949152,586.0,65.76279863481228,28.338038360236048,40.0,187.0,147.0,58.0,12.0,5127.790102389078,44.0,47.0,58.0,72.0,97.0,0.0808148130589421,0.005128205128205128,7.492558657759958,4.32991452991453,656.0,0.2652439024390244,174.0,1.0,482.0,13.87136929460581,2.1835032646586585,7.0,25.0,18.0,14.0,1.0,197.1825726141079,11.0,13.0,14.0,15.0,16.0,-0.0022043283814887635,0.006237006237006237,2.227675708520242,1.5114345114345114,437.0,0.30892448512585813,135.0,1.0,302.0,22.387417218543046,23.106983562458556,1.0,95.0,94.0,12.5,9.5,1035.1291390728477,3.0,6.0,12.5,32.75,53.80000000000007,0.14915399044689842,0.016611295681063124,8.778733920536608,4.940199335548173
13,94,119,51,54,53,9.0,20.0,15.0,15.0,14.0,98,16,28860.0,0.0,0.0,6840.0,16320.0,5700.0,240.0,2354.0,78.0,108,15.0,11.0,19.0,0.0,22.0,60.0,group6,15,dataset_user_15_train.csv,288.0,0.003472222222222222,287.0,64.02787456445994,10.829012683138894,51.0,119.0,68.0,62.0,5.0,4216.836236933798,55.0,57.0,62.0,66.0,75.40000000000003,0.058053734883003166,0.0,4.857407291385559,3.097902097902098,720.0,0.6125,441.0,0.0,592.0,14.232602003862869,2.204236861888561,8.0,21.0,13.0,14.0,1.0,207.69879259902632,11.0,13.0,14.0,16.0,17.0,1.5052305793507526e-05,0.0,2.237509369016874,1.6187020261097498,480.0,0.61875,297.0,0.0,367.0,29.91931540342298,20.106173054853656,3.0,93.0,89.0,23.5,11.0,1350.5459610027856,9.0,14.0,23.5,42.0,62.60000000000002,0.08132908976897116,0.00228310502283105,10.553831865413933,6.506849315068493
13,65,146,65,66,64,8.0,21.0,14.0,15.0,15.0,98,48,22020.0,0.0,0.0,4560.0,16200.0,1260.0,360.0,3801.0,425.0,5630,15.0,11.0,18.0,0.0,16.0,70.0,group6,24,dataset_user_24_train.csv,710.0,0.0014084507042253522,709.0,94.97461212976023,17.86019768986124,65.0,146.0,81.0,99.0,11.0,9339.163610719323,69.0,75.0,99.0,108.0,114.0,0.0675755328028509,0.009887005649717515,5.035317469746132,3.3742937853107344,720.0,0.18333333333333332,132.0,1.0,588.0,14.008503401360544,2.037471039397367,8.0,19.0,11.0,14.0,1.0,200.38945578231292,11.0,13.0,14.0,15.0,17.0,-0.0030949318436184195,-0.01192504258943782,2.2176758267938874,1.6507666098807496,480.0,0.39166666666666666,188.0,1.0,292.0,47.294520547945204,30.515921693845662,7.0,97.0,90.0,49.5,31.5,3167.9931506849316,14.0,16.0,49.5,76.0,88.0,0.2902089088089889,0.07903780068728522,9.475811515916146,6.436426116838488
13,68,120,67,69,73,9.0,24.0,15.0,16.0,16.0,90,27,32100.0,0.0,0.0,6540.0,19620.0,5940.0,1020.0,2194.0,322.0,3721,16.0,13.0,20.0,1.0,26.0,79.0,group6,33,dataset_user_33_train.csv,720.0,0.0,720.0,84.84722222222223,9.055630112167517,67.0,120.0,53.0,84.0,7.0,7281.055555555556,74.0,78.0,84.0,91.0,96.10000000000002,0.014096638560902583,-0.022253129346314324,4.893531814143728,3.349095966620306,720.0,0.11388888888888889,82.0,1.0,638.0,15.409090909090908,2.13429500327732,9.0,24.0,15.0,15.0,1.0,241.99529780564262,13.0,14.0,15.0,17.0,18.0,0.0007002641429894605,0.0015698587127158557,2.292229187276785,1.6656200941915227,480.0,0.1625,78.0,1.0,402.0,26.950248756218905,15.966305081266317,2.0,83.0,81.0,22.0,6.5,981.2388059701492,12.100000000000001,17.0,22.0,34.0,51.0,0.020420228270847267,-0.12219451371571072,9.453523597107438,6.351620947630923
13,84,101,43,46,44,6.0,23.0,14.0,15.0,14.0,97,21,21000.0,1800.0,0.0,2880.0,13440.0,4680.0,900.0,2361.0,242.0,6206,15.0,10.0,18.0,1.0,11.0,48.0,group6,42,dataset_user_42_train.csv,720.0,0.0,720.0,58.28611111111111,9.859503390068154,43.0,101.0,58.0,58.0,6.0,3494.4805555555554,47.0,50.0,58.0,63.0,70.0,0.008905817076550429,-0.011126564673157162,5.038642192350528,3.273991655076495,720.0,0.09305555555555556,67.0,1.0,653.0,14.255742725880552,2.1009335651060463,8.0,21.0,13.0,14.0,1.0,207.64012251148546,11.0,13.0,14.0,16.0,17.0,-0.0008214637474658145,-0.003067484662576687,2.322863773881335,1.7453987730061349,480.0,0.11666666666666667,56.0,1.0,424.0,21.25943396226415,12.072448582368901,2.0,75.0,73.0,20.0,7.0,597.7075471698113,8.0,12.0,20.0,26.0,35.0,0.019127210900417975,-0.009456264775413711,6.4198941270629355,4.307328605200945
14,93,113,50,53,53,8.0,19.0,13.0,14.0,14.0,94,15,29220.0,0.0,1500.0,4620.0,18360.0,6240.0,60.0,2321.0,45.0,136,14.0,10.0,18.0,0.0,10.0,59.0,group6,15,dataset_user_15_train.csv,295.0,0.003389830508474576,294.0,62.724489795918366,10.772963714255766,50.0,113.0,63.0,59.0,4.0,4050.418367346939,54.0,56.0,59.0,65.0,75.69999999999999,0.07228482415121427,0.04778156996587031,5.553134913295157,3.6723549488054608,720.0,0.5958333333333333,429.0,0.0,592.0,14.232602003862869,2.204236861888561,8.0,21.0,13.0,14.0,1.0,207.69879259902632,11.0,13.0,14.0,16.0,17.0,1.5052305793507526e-05,0.0,2.237509369016874,1.6187020261097498,480.0,0.60625,291.0,0.0,367.0,29.91931540342298,20.106173054853656,3.0,93.0,89.0,23.5,11.0,1350.5459610027856,9.0,14.0,23.5,42.0,62.60000000000002,0.08132908976897116,0.00228310502283105,10.553831865413933,6.506849315068493
14,63,147,56,60,64,7.0,23.0,13.0,15.0,14.0,99,35,20220.0,0.0,0.0,2760.0,15600.0,1860.0,960.0,2463.0,425.0,10417,15.0,10.0,19.0,2.0,16.0,73.0,group6,24,dataset_user_24_train.csv,648.0,0.007716049382716049,643.0,96.1959564541213,20.69978360255259,56.0,147.0,91.0,103.0,16.0,9682.143079315707,69.2,75.0,103.0,113.0,119.0,0.05566165665835602,-0.00778816199376947,5.892198900271299,3.540498442367601,720.0,0.2861111111111111,206.0,1.0,514.0,13.945525291828794,2.4120622254248363,7.0,21.0,14.0,14.0,2.0,200.295719844358,11.0,12.0,14.0,16.0,17.0,-0.00329258036103064,-0.001949317738791423,2.317405137331564,1.7017543859649122,480.0,0.56875,273.0,0.0,367.0,29.91931540342298,20.106173054853656,3.0,93.0,89.0,23.5,11.0,1350.5459610027856,9.0,14.0,23.5,42.0,62.60000000000002,0.08132908976897116,0.00228310502283105,10.553831865413933,6.506849315068493
14,86,115,69,73,71,8.0,22.0,16.0,16.0,15.0,90,25,20580.0,0.0,0.0,3780.0,14460.0,2340.0,180.0,2249.0,377.0,4203,16.0,12.0,21.0,0.0,22.0,81.0,group6,33,dataset_user_33_train.csv,635.0,0.0015748031496062992,634.0,83.3217665615142,6.944616372687768,69.0,115.0,46.0,82.0,4.0,6990.744479495268,76.0,79.0,82.0,87.0,92.0,0.005053251758842535,-0.00315955766192733,4.487298853058292,3.1437598736176935,698.0,0.28939828080229224,202.0,1.0,496.0,15.671370967741936,2.137149078787809,9.0,21.0,12.0,16.0,1.0,250.15927419354838,13.0,14.0,16.0,17.0,18.0,-0.0025717845686041955,0.010101010101010102,2.3591427543180816,1.7676767676767677,465.0,0.3139784946236559,146.0,1.0,319.0,24.601880877742946,11.194551808478375,6.0,73.0,67.0,21.0,4.0,730.5705329153604,15.0,18.0,21.0,28.0,39.19999999999999,-0.010669027621695156,-0.018867924528301886,9.144178268312679,6.088050314465409
14,69,128,40,40,43,6.0,23.0,15.0,14.0,14.0,98,22,23940.0,0.0,840.0,7860.0,9420.0,6660.0,120.0,3458.0,1339.0,6656,14.0,8.0,18.0,0.0,6.0,45.0,group6,42,dataset_user_42_train.csv,682.0,0.005865102639296188,678.0,66.82153392330383,30.728264870536766,40.0,190.0,150.0,56.0,10.0,5409.3436578171095,44.0,47.0,56.0,71.0,100.30000000000007,0.09821202487385548,0.022156573116691284,6.0030356244261025,3.5553914327917284,720.0,0.20416666666666666,147.0,1.0,573.0,14.37696335078534,2.123818187427237,8.0,23.0,15.0,14.0,1.0,211.20767888307157,12.0,13.0,14.0,16.0,17.0,0.00041983300826360447,0.008741258741258742,2.456245177829852,1.8024475524475525,480.0,0.2604166666666667,125.0,1.0,355.0,21.501408450704226,20.482128884714825,1.0,94.0,93.0,16.0,10.0,881.8281690140846,4.0,6.0,16.0,26.0,53.80000000000007,0.12384119993240728,0.0847457627118644,6.754671458870839,3.7288135593220337
15,86,133,48,50,53,7.0,22.0,14.0,14.0,15.0,97,26,26907.0,0.0,0.0,3960.0,16200.0,6780.0,120.0,3133.0,857.0,12408,14.0,7.0,17.0,0.0,9.0,55.0,group6,15,dataset_user_15_train.csv,720.0,0.0,720.0,72.00833333333334,18.29017457847549,48.0,133.0,85.0,67.0,11.0,5519.730555555556,53.0,58.0,67.0,81.0,102.0,0.0365468811989735,-0.027816411682892908,5.9313930694031765,4.075104311543811,720.0,0.19444444444444445,140.0,1.0,580.0,13.693103448275862,1.9384371654688393,7.0,20.0,13.0,14.0,1.0,191.25862068965517,11.0,12.0,14.0,15.0,16.0,0.00021999737380825777,0.0069084628670120895,1.999988068249612,1.454231433506045,480.0,0.22916666666666666,110.0,1.0,370.0,25.1,21.06202551795337,1.0,96.0,95.0,19.0,11.0,1073.618918918919,5.0,9.0,19.0,37.0,59.200000000000045,0.122601768160903,-0.11924119241192412,11.807942918026678,7.219512195121951
15,74,134,65,67,64,7.0,22.0,14.0,14.0,15.0,96,44,18240.0,0.0,0.0,1860.0,13860.0,2520.0,480.0,3005.0,1068.0,4767,14.0,11.0,18.0,1.0,16.0,72.0,group6,24,dataset_user_24_train.csv,713.0,0.002805049088359046,711.0,90.82841068917018,14.066901936964996,65.0,134.0,69.0,92.0,10.0,8447.677918424753,72.0,78.0,92.0,100.0,108.0,0.034874429338082255,-0.009859154929577466,5.1631046160171215,3.4661971830985916,720.0,0.13194444444444445,95.0,1.0,625.0,14.4976,2.380670964245164,7.0,21.0,14.0,14.0,2.0,215.848,12.0,13.0,14.0,16.0,18.0,-0.0014453674121405753,-0.003205128205128205,2.3540723000409005,1.7371794871794872,480.0,0.275,132.0,1.0,348.0,42.89080459770115,25.163594082895123,8.0,94.0,86.0,44.5,25.5,2472.8275862068967,13.0,17.0,44.5,64.0,78.30000000000001,0.1690701019109695,-0.025936599423631124,10.373815208987322,7.236311239193084
15,85,136,68,72,71,7.0,23.0,15.0,15.0,15.0,97,27,32040.0,0.0,0.0,3720.0,22380.0,5940.0,0.0,2333.0,461.0,3285,15.0,11.0,20.0,0.0,16.0,77.0,group6,33,dataset_user_33_train.csv,720.0,0.0,720.0,84.95277777777778,11.230934118444445,68.0,136.0,68.0,83.0,6.0,7343.108333333334,73.0,77.0,83.0,90.0,98.0,0.019655194808117563,-0.004172461752433936,4.645273291590829,3.3588317107093184,720.0,0.07777777777777778,56.0,1.0,664.0,15.17921686746988,2.024575365551953,7.0,21.0,14.0,15.0,1.0,234.50753012048193,12.0,14.0,15.0,16.0,18.0,-0.0006703300802297404,0.0030165912518853697,2.2558768455099307,1.5656108597285068,480.0,0.13541666666666666,65.0,1.0,415.0,27.402409638554218,16.27621500584622,3.0,87.0,84.0,23.0,8.0,1015.8072289156627,12.0,16.0,23.0,35.0,49.0,0.057482438113658656,0.00966183574879227,9.809534127012688,6.599033816425121
15,78,108,44,47,44,8.0,20.0,15.0,14.0,14.0,92,25,18476.0,0.0,0.0,2100.0,13680.0,2700.0,420.0,2464.0,345.0,7049,14.0,9.0,18.0,0.0,10.0,49.0,group6,42,dataset_user_42_train.csv,579.0,0.0051813471502590676,576.0,61.91319444444444,13.342682901791038,44.0,108.0,64.0,60.0,9.0,4011.2708333333335,48.0,51.0,60.0,68.0,82.0,0.03224926531534926,-0.01217391304347826,6.095602803248554,3.765217391304348,720.0,0.31527777777777777,227.0,1.0,493.0,14.47261663286004,2.0993963802355347,8.0,21.0,13.0,15.0,1.0,213.86409736308318,12.0,13.0,15.0,16.0,17.0,0.0015323645282999216,0.006097560975609756,2.561036100718036,1.9166666666666667,480.0,0.33958333333333335,163.0,1.0,317.0,25.798107255520506,19.36427153781905,2.0,88.0,86.0,21.0,11.0,1040.5173501577287,8.0,11.0,21.0,34.0,55.2000000000001,0.06195946745183189,-0.04746835443037975,8.755159053179268,5.237341772151899
16,86,131,48,51,52,7.0,22.0,14.0,15.0,14.0,97,33,26760.0,0.0,0.0,3480.0,18900.0,4380.0,0.0,2969.0,693.0,7567,15.0,10.0,18.0,0.0,15.0,60.0,group6,15,dataset_user_15_train.csv,690.0,0.0014492753623188406,689.0,74.95500725689405,16.720601878431754,48.0,131.0,83.0,73.0,13.0,5897.831640058055,55.0,61.0,73.0,89.0,98.0,0.03519017611726084,0.007267441860465116,5.914478154110605,4.2311046511627906,720.0,0.22916666666666666,165.0,1.0,555.0,14.392792792792793,2.0270118117547073,8.0,20.0,12.0,14.0,1.0,211.26126126126127,12.0,13.0,14.0,16.0,17.0,0.001085559496592403,-0.0018050541516245488,2.1492162096417218,1.5722021660649819,480.0,0.2916666666666667,140.0,1.0,340.0,32.661764705882355,26.579962761735107,2.0,94.0,92.0,21.0,12.0,1773.285294117647,7.0,12.0,21.0,49.75,80.0,0.13178696335150467,0.011799410029498525,9.92894413169815,6.3952802359882
16,78,150,60,63,64,8.0,22.0,15.0,15.0,14.0,99,33,21900.0,0.0,0.0,3480.0,15900.0,2520.0,120.0,3496.0,425.0,14875,15.0,12.0,20.0,0.0,11.0,67.0,group6,24,dataset_user_24_train.csv,668.0,0.004491017964071856,665.0,90.39398496240601,20.286547857378267,60.0,150.0,90.0,89.0,16.0,8582.616541353384,66.0,70.0,89.0,103.0,121.0,0.050336154616433634,-0.0030120481927710845,5.563704719400025,3.5150602409638556,720.0,0.3416666666666667,246.0,1.0,474.0,15.063291139240507,2.3564711449559685,8.0,21.0,13.0,15.0,2.0,232.45569620253164,12.0,13.0,15.0,17.0,18.0,0.0024602625733654657,0.006342494714587738,2.2577004580733187,1.6342494714587739,480.0,0.4041666666666667,194.0,1.0,286.0,32.6013986013986,26.090654185093786,2.0,97.0,95.0,22.0,15.0,1743.5734265734266,7.0,10.0,22.0,52.0,75.5,0.15990068981083103,-0.028070175438596492,8.729818920289258,5.908771929824561
16,76,159,64,68,71,7.0,22.0,16.0,15.0,15.0,99,31,27540.0,2700.0,0.0,3960.0,17820.0,5760.0,600.0,3053.0,1181.0,5374,15.0,11.0,19.0,1.0,16.0,74.0,group6,33,dataset_user_33_train.csv,720.0,0.0,720.0,90.40555555555555,17.790352323730666,64.0,159.0,95.0,86.0,10.0,8489.66111111111,71.0,77.75,86.0,99.0,119.0,0.04283560217773054,0.004172461752433936,5.216986735816902,3.584144645340751,720.0,0.14166666666666666,102.0,1.0,618.0,15.46925566343042,2.142917837194489,9.0,20.0,11.0,15.0,1.0,243.88996763754045,13.0,14.0,15.0,17.0,18.0,2.0590741248636623e-05,-0.004862236628849271,2.194358987667855,1.5640194489465153,480.0,0.2604166666666667,125.0,1.0,355.0,29.88169014084507,18.934507657766428,1.0,97.0,96.0,25.0,10.0,1251.430985915493,10.0,16.5,25.0,40.0,55.0,0.08273326878046033,-0.022598870056497175,10.807224410576644,6.813559322033898
16,83,186,42,44,44,7.0,21.0,14.0,14.0,14.0,97,25,22560.0,0.0,0.0,3660.0,14700.0,4200.0,180.0,3493.0,1374.0,6656,14.0,11.0,18.0,0.0,6.0,46.0,group6,42,dataset_user_42_train.csv,711.0,0.0028129395218002813,709.0,68.36248236953456,27.70308629324005,42.0,186.0,144.0,61.0,11.0,5440.889985895627,45.0,49.0,61.0,72.0,97.20000000000005,0.076140378403913,0.01694915254237288,7.706827684087455,4.677966101694915,720.0,0.18472222222222223,133.0,1.0,587.0,13.925042589437819,2.1804075209236187,7.0,21.0,14.0,14.0,1.0,198.6609880749574,11.0,12.0,14.0,15.0,16.0,-0.002932996375344272,0.0017064846416382253,2.351021233884624,1.735494880546075,480.0,0.25625,123.0,1.0,357.0,24.605042016806724,20.84525558635392,1.0,96.0,95.0,22.0,14.0,1039.9327731092437,4.0,8.0,22.0,35.0,51.0,0.12537603077135695,0.03651685393258427,8.108208713510697,5.075842696629214
17,73,135,44,49,51,7.0,21.0,14.0,14.0,14.0,96,31,28920.0,7020.0,0.0,4440.0,20340.0,4140.0,1680.0,2885.0,609.0,8691,14.0,10.0,17.0,2.0,10.0,55.0,group6,15,dataset_user_15_train.csv,720.0,0.0,720.0,71.70416666666667,16.831600055154194,44.0,135.0,91.0,68.0,13.0,5424.790277777778,52.0,58.0,68.0,85.0,94.0,0.04236255921275568,0.011126564673157162,6.81035689517181,4.815020862308762,718.0,0.1573816155988858,113.0,1.0,605.0,13.945454545454545,2.0292082077532663,8.0,20.0,12.0,14.0,1.0,198.59338842975205,11.0,13.0,14.0,15.0,16.0,-0.0003445377650347817,-0.0033112582781456954,2.1790670954400513,1.6158940397350994,480.0,0.21666666666666667,104.0,1.0,376.0,30.64095744680851,27.4082865854723,1.0,94.0,93.0,20.0,14.5,1690.0824468085107,3.0,8.0,20.0,54.0,77.0,0.16425588351487105,0.088,11.518344325466225,7.032
17,71,133,59,63,63,8.0,21.0,14.0,14.0,14.0,99,45,24060.0,0.0,0.0,3600.0,15840.0,4620.0,1620.0,2927.0,990.0,6401,14.0,10.0,18.0,2.0,11.0,67.0,group6,24,dataset_user_24_train.csv,718.0,0.001392757660167131,717.0,87.9581589958159,15.859773626498768,59.0,133.0,74.0,91.0,11.0,7988.170153417015,66.0,71.0,91.0,99.0,107.0,0.045519680169372016,0.002793296089385475,4.935618238177228,3.474860335195531,720.0,0.13472222222222222,97.0,1.0,623.0,14.321027287319422,2.36065751870188,8.0,21.0,13.0,14.0,2.0,210.6645264847512,11.0,13.0,14.0,16.0,17.800000000000068,0.0019194740011966066,-0.00482315112540193,2.4346723537946935,1.7604501607717042,480.0,0.18958333333333333,91.0,1.0,389.0,45.24935732647815,30.275971974841998,3.0,94.0,91.0,51.0,30.0,2964.13881748072,8.0,12.0,51.0,73.0,82.0,0.1796468710310705,0.002577319587628866,9.129791133477747,6.244845360824742
17,91,136,65,68,70,9.0,24.0,15.0,15.0,15.0,96,31,23280.0,0.0,0.0,5700.0,12480.0,5100.0,1740.0,2625.0,753.0,6446,15.0,11.0,19.0,1.0,19.0,76.0,group6,33,dataset_user_33_train.csv,720.0,0.0,720.0,87.48611111111111,12.79126552634383,65.0,136.0,71.0,85.0,8.0,7817.436111111111,73.0,78.0,85.0,94.0,108.0,0.02397985592822003,-0.031988873435326845,5.064845741631657,3.4450625869262863,720.0,0.12361111111111112,89.0,1.0,631.0,15.291600633914422,1.9544518175354808,10.0,22.0,12.0,15.0,1.0,237.6529318541997,13.0,14.0,15.0,16.0,18.0,-0.00022085746573700176,0.012698412698412698,2.1850496390055114,1.5714285714285714,480.0,0.16875,81.0,1.0,399.0,30.716791979949875,16.871250441594224,3.0,94.0,91.0,25.0,9.0,1228.1604010025062,13.0,20.0,25.0,40.0,55.0,0.04034779158952659,-0.020100502512562814,10.27973554153849,6.477386934673367
17,90,101,43,45,44,7.0,20.0,13.0,14.0,14.0,97,22,24356.0,1320.0,0.0,5940.0,14220.0,4200.0,120.0,2359.0,240.0,6849,14.0,6.0,18.0,0.0,9.0,47.0,group6,42,dataset_user_42_train.csv,716.0,0.0013966480446927375,715.0,58.47552447552447,10.608501781100419,43.0,101.0,58.0,58.0,7.0,3531.927272727273,46.0,49.0,58.0,64.0,72.0,0.015174736535236042,0.0028011204481792717,5.663781733636392,3.7338935574229692,719.0,0.10848400556328233,78.0,1.0,641.0,13.6801872074883,2.2756385939325177,7.0,20.0,13.0,14.0,2.0,192.32605304212169,11.0,12.0,14.0,15.0,16.0,-0.0024760067505503955,-0.0015625,2.2489575493089573,1.6921875,480.0,0.15208333333333332,73.0,1.0,407.0,21.813267813267814,15.34803514093872,2.0,79.0,77.0,19.0,10.0,711.3808353808354,6.0,9.0,19.0,28.0,45.0,0.04359559633393304,-0.0049261083743842365,8.69488130770807,5.251231527093596
17,70,118,63,68,75,7.0,24.0,14.0,14.0,15.0,97,14,25380.0,120.0,0.0,4800.0,15600.0,4560.0,480.0,2229.0,210.0,3023,16.0,11.0,20.0,0.0,24.0,76.0,group6,6,dataset_user_6_train.csv,115.0,0.017391304347826087,113.0,79.31858407079646,11.122221627190676,63.0,118.0,55.0,76.0,4.0,6415.141592920354,70.0,72.0,76.0,81.0,96.8,-0.2330078514871249,-0.09821428571428571,6.070949298310197,4.044642857142857,268.0,0.6380597014925373,171.0,0.0,592.0,14.232602003862869,2.204236861888561,8.0,21.0,13.0,14.0,1.0,207.69879259902632,11.0,13.0,14.0,16.0,17.0,1.5052305793507526e-05,0.0,2.237509369016874,1.6187020261097498,179.0,0.6480446927374302,116.0,0.0,367.0,29.91931540342298,20.106173054853656,3.0,93.0,89.0,23.5,11.0,1350.5459610027856,9.0,14.0,23.5,42.0,62.60000000000002,0.08132908976897116,0.00228310502283105,10.553831865413933,6.506849315068493
18,93,108,50,53,51,7.0,23.0,14.0,14.0,14.0,95,30,21780.0,4740.0,0.0,5580.0,12360.0,3840.0,300.0,2509.0,233.0,4376,14.0,9.0,17.0,0.0,20.0,58.0,group6,15,dataset_user_15_train.csv,702.0,0.002849002849002849,700.0,68.42714285714285,11.573077395756206,50.0,108.0,58.0,66.5,8.5,4816.21,55.0,59.0,66.5,77.0,85.10000000000002,-0.003285225363433682,-0.015736766809728183,6.243374387450034,4.247496423462088,720.0,0.10694444444444444,77.0,1.0,643.0,14.236391912908243,2.1800981719294903,7.0,20.0,13.0,14.0,1.0,207.4276827371695,11.0,13.0,14.0,16.0,17.0,0.0017089073438102734,0.004672897196261682,2.2182287780333536,1.5841121495327102,480.0,0.14583333333333334,70.0,1.0,410.0,29.619512195121953,22.841695075199386,3.0,84.0,81.0,21.0,11.0,1399.0585365853658,7.900000000000006,12.0,21.0,44.0,70.10000000000002,-0.011334435761504648,-0.11246943765281174,12.181073379206113,7.471882640586797
18,72,120,68,72,71,9.0,23.0,15.0,15.0,15.0,94,33,25440.0,0.0,0.0,4500.0,14640.0,6300.0,120.0,2597.0,725.0,5353,15.0,12.0,19.0,0.0,16.0,75.0,group6,33,dataset_user_33_train.csv,720.0,0.0,720.0,87.45277777777778,11.627099239638193,68.0,120.0,52.0,86.0,10.0,7783.177777777778,73.0,77.0,86.0,97.0,104.0,0.031661358657456284,0.013908205841446454,4.933192185915047,3.346314325452017,720.0,0.14583333333333334,105.0,1.0,615.0,15.359349593495935,2.0006436930966687,9.0,22.0,13.0,15.0,1.0,239.9121951219512,13.0,14.0,15.0,17.0,18.0,-0.0012322546762842308,0.0016286644951140066,2.08492275274439,1.509771986970684,480.0,0.20208333333333334,97.0,1.0,383.0,31.986945169712794,20.822571023679043,4.0,89.0,85.0,25.0,12.0,1456.7441253263707,11.0,16.0,25.0,43.0,68.0,0.11129734084726532,0.07068062827225131,10.168101701247004,6.5
18,64,94,41,43,44,6.0,21.0,13.0,14.0,14.0,89,18,27655.0,0.0,0.0,4980.0,17880.0,4800.0,240.0,2237.0,118.0,4263,14.0,9.0,18.0,0.0,7.0,45.0,group6,42,dataset_user_42_train.csv,643.0,0.003110419906687403,641.0,54.26365054602184,8.985726509374901,41.0,94.0,53.0,54.0,6.0,3025.2870514820593,44.0,46.0,54.0,59.0,65.0,0.025297705833466983,0.0234375,5.051399626202004,3.1078125,720.0,0.17083333333333334,123.0,1.0,597.0,13.54606365159129,2.321692636734256,7.0,20.0,13.0,14.0,2.0,188.88609715242882,10.0,12.0,14.0,15.0,16.0,-0.004250845031198506,0.003355704697986577,2.3954631645681856,1.778523489932886,480.0,0.20416666666666666,98.0,1.0,382.0,17.790575916230367,12.40495236281937,1.0,76.0,75.0,18.0,8.0,470.3874345549738,4.0,7.0,18.0,24.0,31.0,0.06260161665266122,0.13385826771653545,7.5968243863350455,4.375328083989501
19,100,129,44,46,51,7.0,23.0,14.0,14.0,14.0,98,30,25380.0,0.0,0.0,4140.0,24480.0,9960.0,420.0,2745.0,469.0,7446,14.0,9.0,18.0,0.0,10.0,54.0,group6,15,dataset_user_15_train.csv,715.0,0.0013986013986013986,714.0,69.07282913165267,16.81436847562552,44.0,129.0,85.0,65.0,12.0,5053.778711484594,50.0,55.0,65.0,82.0,94.0,0.03626974461064058,-0.0070126227208976155,6.755078598210636,4.562412342215989,720.0,0.13333333333333333,96.0,1.0,624.0,14.14102564102564,2.030058474428495,8.0,21.0,13.0,14.0,1.0,204.0897435897436,11.300000000000004,13.0,14.0,15.0,16.0,0.0009608099765403135,0.0,2.166429999009881,1.5922953451043338,480.0,0.18541666666666667,89.0,1.0,391.0,29.17391304347826,26.858546478899235,1.0,95.0,94.0,16.0,12.0,1572.4987212276214,4.0,8.0,16.0,51.0,75.0,0.11625064741615711,-0.010256410256410256,11.10254752174992,7.21025641025641
19,84,143,62,67,64,9.0,23.0,15.0,14.0,14.0,99,50,25380.0,0.0,0.0,4800.0,15600.0,4560.0,480.0,3253.0,1316.0,5474,14.0,10.0,19.0,0.0,16.0,59.0,group6,24,dataset_user_24_train.csv,584.0,0.003424657534246575,582.0,94.41580756013745,14.680525389863165,62.0,143.0,81.0,95.0,11.0,9129.862542955327,73.0,84.0,95.0,106.0,111.0,0.03228907262391912,-0.0017211703958691911,5.258056400079718,3.6058519793459554,720.0,0.3416666666666667,246.0,1.0,474.0,15.386075949367088,2.5919170451453954,9.0,21.0,12.0,15.0,2.0,243.4493670886076,12.0,13.0,15.0,17.0,19.0,0.006327395548844812,-0.008456659619450317,2.6365323233551,2.0211416490486256,480.0,0.5395833333333333,259.0,0.0,367.0,29.91931540342298,20.106173054853656,3.0,93.0,89.0,23.5,11.0,1350.5459610027856,9.0,14.0,23.5,42.0,62.60000000000002,0.08132908976897116,0.00228310502283105,10.553831865413933,6.506849315068493
19,75,140,62,66,70,8.0,22.0,15.0,15.0,15.0,99,40,23640.0,0.0,0.0,3600.0,15960.0,4080.0,2340.0,3253.0,1381.0,7531,15.0,9.0,19.0,0.0,15.0,74.0,group6,33,dataset_user_33_train.csv,720.0,0.0,720.0,92.25555555555556,16.090325672493815,62.0,140.0,78.0,93.0,12.0,8769.986111111111,71.0,78.0,93.0,104.0,113.0,0.04315755495927527,0.027816411682892908,4.700108552554359,3.4297635605006955,720.0,0.19305555555555556,139.0,1.0,581.0,15.287435456110154,2.4293806463804564,8.0,22.0,14.0,15.0,2.0,239.60757314974182,12.0,14.0,15.0,17.0,18.0,-0.002995130183014317,-0.010344827586206896,2.256002694359208,1.6586206896551725,480.0,0.2708333333333333,130.0,1.0,350.0,39.65714285714286,26.576082541738653,2.0,94.0,92.0,30.5,18.5,2278.977142857143,10.0,17.0,30.5,63.0,80.0,0.16390412516487016,0.1489971346704871,9.67853681738584,6.934097421203439
19,60,108,42,43,44,7.0,22.0,14.0,14.0,15.0,95,21,17820.0,0.0,0.0,7260.0,7320.0,3240.0,60.0,2272.0,153.0,4492,14.0,9.0,17.0,0.0,15.0,46.0,group6,42,dataset_user_42_train.csv,520.0,0.0038461538461538464,518.0,56.027027027027025,10.457453939601333,42.0,108.0,66.0,54.0,6.0,3248.3861003861,44.7,48.0,54.0,60.0,71.0,0.020916271070003697,-0.0425531914893617,6.029755974960915,3.624758220502901,588.0,0.20748299319727892,122.0,1.0,466.0,14.336909871244636,2.24951360990486,7.0,21.0,14.0,14.0,1.0,210.60729613733906,11.0,13.0,14.0,16.0,17.0,-0.0003093259368641866,0.0,2.4336352736515985,1.7978494623655914,392.0,0.2423469387755102,95.0,1.0,297.0,20.5016835016835,13.935185363145193,2.0,70.0,68.0,19.0,6.0,614.5084175084176,6.0,10.0,19.0,24.0,35.0,0.04863847984653353,-0.0033783783783783786,7.819111336978969,4.429054054054054
20,82,107,45,48,50,8.0,20.0,14.0,14.0,14.0,93,21,25584.0,0.0,0.0,6420.0,12540.0,6660.0,240.0,2473.0,197.0,4710,14.0,10.0,17.0,0.0,10.0,53.0,group6,15,dataset_user_15_train.csv,689.0,0.001451378809869376,688.0,63.309593023255815,12.811982076091539,45.0,107.0,62.0,61.0,8.0,4172.251453488372,49.0,54.0,61.0,70.0,81.0,0.02391917454617328,0.002911208151382824,6.545551305181872,4.474526928675401,720.0,0.16805555555555557,121.0,1.0,599.0,13.98330550918197,1.7032979182016132,8.0,19.0,11.0,14.0,1.0,198.43405676126878,12.0,13.0,14.0,15.0,16.0,-0.0009538193533257767,0.0016722408026755853,2.0532209494245492,1.4832775919732442,480.0,0.2125,102.0,1.0,378.0,20.952380952380953,16.345892713974973,1.0,82.0,81.0,18.0,7.0,706.1904761904761,5.0,10.0,18.0,24.0,47.0,0.06578031598502893,0.002652519893899204,12.99203973255986,7.641909814323608
20,76,102,41,48,44,6.0,21.0,13.0,15.0,15.0,97,24,16285.0,0.0,0.0,5580.0,7140.0,3600.0,120.0,2388.0,269.0,8034,15.0,10.0,19.0,0.0,8.0,45.0,group6,42,dataset_user_42_train.csv,684.0,0.0014619883040935672,683.0,58.33089311859444,11.050212704417998,41.0,102.0,61.0,58.0,7.0,3524.6002928257685,44.0,50.0,58.0,64.0,71.0,0.022435399843817223,0.017595307917888565,5.482281357264746,3.6363636363636362,720.0,0.18472222222222223,133.0,1.0,587.0,13.609880749574106,2.3586668958997596,7.0,20.0,13.0,14.0,2.0,190.79216354344123,11.0,12.0,14.0,15.0,17.0,-0.0045668621246080865,-0.005119453924914676,2.3114880930173083,1.7081911262798635,480.0,0.23125,111.0,1.0,369.0,24.086720867208673,15.045479827211494,2.0,81.0,79.0,23.0,10.0,806.5365853658536,7.0,11.0,23.0,30.0,46.0,0.07493002015801592,0.035326086956521736,9.287752097472353,5.415760869565218
20,84,146,50,74,70,8.0,22.0,14.0,14.0,16.0,95,55,25380.0,0.0,0.0,4800.0,15600.0,4560.0,480.0,2995.0,976.0,9822,14.0,10.0,19.0,0.0,16.0,59.0,group6,6,dataset_user_6_train.csv,177.0,0.005649717514124294,176.0,110.80113636363636,14.618644651127903,86.0,146.0,60.0,106.0,8.0,12490.59659090909,96.0,100.0,106.0,119.25,135.0,0.1147886858903808,0.08,7.150176820990413,4.868571428571428,720.0,0.8444444444444444,608.0,0.0,592.0,14.232602003862869,2.204236861888561,8.0,21.0,13.0,14.0,1.0,207.69879259902632,11.0,13.0,14.0,16.0,17.0,1.5052305793507526e-05,0.0,2.237509369016874,1.6187020261097498,480.0,0.9125,438.0,0.0,367.0,29.91931540342298,20.106173054853656,3.0,93.0,89.0,23.5,11.0,1350.5459610027856,9.0,14.0,23.5,42.0,62.60000000000002,0.08132908976897116,0.00228310502283105,10.553831865413933,6.506849315068493
21,76,96,48,51,50,7.0,21.0,13.0,14.0,14.0,92,28,31286.0,0.0,0.0,6180.0,21300.0,3840.0,2340.0,2304.0,28.0,782,14.0,10.0,19.0,2.0,14.0,56.0,group6,15,dataset_user_15_train.csv,720.0,0.0,720.0,63.40694444444444,8.48624420244788,48.0,96.0,48.0,63.0,6.0,4092.4569444444446,53.0,57.0,63.0,68.0,74.0,0.01636157670057234,-0.0027816411682892906,6.376896149514554,4.489568845618916,720.0,0.020833333333333332,15.0,1.0,705.0,13.306382978723404,2.0792187828471342,7.0,21.0,14.0,14.0,1.0,181.38297872340425,10.0,12.0,14.0,15.0,16.0,-0.0023500556161336113,-0.0014204545454545455,2.1836812705612036,1.6463068181818181,480.0,0.03333333333333333,16.0,1.0,464.0,27.648706896551722,16.51042899410136,3.0,84.0,81.0,24.0,11.0,1037.0452586206898,8.0,15.0,24.0,38.0,49.69999999999999,0.05480405394042336,0.0021598272138228943,12.61003387380182,8.412526997840173
21,57,125,50,69,65,7.0,23.0,15.0,14.0,14.0,98,30,25380.0,0.0,0.0,4800.0,15600.0,4560.0,480.0,2672.0,735.0,1688,14.0,10.0,19.0,0.0,16.0,59.0,group6,24,dataset_user_24_train.csv,214.0,0.004672897196261682,213.0,103.3755868544601,6.535548531581223,90.0,125.0,35.0,103.0,4.0,10729.225352112677,96.0,99.0,103.0,107.0,111.0,0.002344520304688299,0.08490566037735849,4.934701773650929,3.5377358490566038,214.0,0.1588785046728972,34.0,1.0,180.0,14.466666666666667,3.0883292858401252,7.0,22.0,15.0,15.0,2.0,218.82222222222222,10.0,12.0,15.0,16.0,18.0,0.003798471146228794,0.0,3.0763106395222817,2.346368715083799,143.0,0.36363636363636365,52.0,1.0,91.0,81.58241758241758,8.599854246229652,58.0,97.0,39.0,82.0,7.0,6729.648351648351,70.0,75.0,82.0,88.0,92.0,-0.014460901417423157,0.3,9.241753080449618,7.366666666666666
21,80,110,42,44,45,7.0,21.0,14.0,15.0,14.0,87,24,22980.0,0.0,0.0,4500.0,16080.0,2400.0,960.0,2352.0,233.0,6516,15.0,11.0,18.0,1.0,8.0,47.0,group6,42,dataset_user_42_train.csv,685.0,0.004379562043795621,682.0,58.3782991202346,11.259821312642512,42.0,110.0,68.0,56.0,8.0,3534.809384164223,46.0,49.0,56.0,65.0,74.0,0.02408796189962502,0.007342143906020558,5.507299026627643,3.751835535976505,720.0,0.14166666666666666,102.0,1.0,618.0,14.085760517799352,2.2004907854143774,8.0,20.0,12.0,14.0,1.0,203.25080906148867,11.0,13.0,14.0,16.0,16.0,-0.0028579186233060904,-0.0016207455429497568,2.2762954276618528,1.6807131280388978,480.0,0.16875,81.0,1.0,399.0,23.964912280701753,16.92808826656827,1.0,82.0,81.0,20.0,10.0,860.8771929824561,7.0,10.0,20.0,31.0,47.39999999999998,0.06705860127706201,0.020100502512562814,8.561606362563465,5.2462311557788945
21,57,142,69,71,71,8.0,24.0,14.0,16.0,17.0,98,33,28020.0,0.0,0.0,5100.0,16320.0,6600.0,60.0,2393.0,374.0,337,14.0,10.0,19.0,0.0,16.0,59.0,group6,6,dataset_user_6_train.csv,515.0,0.003883495145631068,513.0,85.98440545808967,11.809392241531999,69.0,142.0,73.0,85.0,9.0,7532.779727095516,73.0,76.0,85.0,94.0,100.0,0.05755734535349397,-0.041015625,3.8304237159230645,2.423828125,720.0,0.3013888888888889,217.0,1.0,503.0,16.757455268389663,2.3383778606912213,8.0,24.0,16.0,17.0,1.0,286.2803180914513,14.0,15.0,17.0,18.0,20.0,0.0023013125949293807,0.00199203187250996,2.4902191170522574,1.798804780876494,480.0,0.34375,165.0,1.0,315.0,32.765079365079366,14.389217289347268,11.0,96.0,85.0,28.0,8.0,1280.6,18.0,23.0,28.0,42.0,52.0,0.09992282973013442,0.025477707006369428,8.079579547446498,5.343949044585988
22,67,145,49,51,50,7.0,21.0,14.0,14.0,14.0,100,43,22763.0,0.0,0.0,4440.0,15720.0,2640.0,240.0,3056.0,780.0,6404,14.0,9.0,18.0,0.0,19.0,57.0,group6,15,dataset_user_15_train.csv,720.0,0.0,720.0,75.51805555555555,17.22150485737147,49.0,145.0,96.0,76.0,14.0,5999.5569444444445,53.0,59.0,76.0,87.0,99.10000000000002,0.03611003943551847,0.022253129346314324,6.831739307157461,4.656467315716273,720.0,0.1736111111111111,125.0,1.0,595.0,14.216806722689075,2.034588279442689,8.0,21.0,13.0,14.0,1.0,206.25714285714287,11.0,13.0,14.0,15.0,17.0,0.00022394151884874358,0.0,2.2652401928522132,1.6296296296296295,480.0,0.21458333333333332,103.0,1.0,377.0,42.249336870026525,27.08041675655675,3.0,95.0,92.0,40.0,25.0,2518.3554376657826,10.0,15.0,40.0,67.0,81.0,0.1328792875014445,0.0797872340425532,10.898419559316885,7.148936170212766
22,72,131,68,71,66,6.0,23.0,15.0,14.0,14.0,99,53,18900.0,0.0,1020.0,3660.0,13920.0,1320.0,420.0,3195.0,1258.0,8448,14.0,10.0,18.0,1.0,29.0,75.0,group6,24,dataset_user_24_train.csv,720.0,0.0,720.0,93.02638888888889,12.958828962178165,68.0,131.0,63.0,94.0,9.0,8821.840277777777,74.0,82.0,94.0,102.0,110.0,0.022916051792795385,-0.009735744089012517,5.4211931324061435,3.623087621696801,719.0,0.23226703755215578,167.0,1.0,552.0,14.617753623188406,2.702101307414352,6.0,22.0,16.0,15.0,2.0,220.98007246376812,11.0,13.0,15.0,16.0,18.0,0.0007131320605995661,0.0,2.582223187104821,1.9092558983666061,480.0,0.31666666666666665,152.0,1.0,328.0,51.478658536585364,22.954744090258476,11.0,98.0,87.0,54.5,19.5,3176.9725609756097,20.0,26.75,54.5,70.0,80.30000000000001,0.10781788899007752,-0.10703363914373089,13.425437290087093,9.477064220183486
22,78,99,42,44,44,6.0,21.0,13.0,14.0,14.0,97,21,23894.0,0.0,0.0,2640.0,16500.0,4800.0,60.0,2242.0,123.0,6741,14.0,10.0,19.0,0.0,7.0,46.0,group6,42,dataset_user_42_train.csv,686.0,0.0014577259475218659,685.0,56.472992700729925,10.24137524730693,42.0,99.0,57.0,56.0,7.0,3294.0846715328466,45.0,48.0,56.0,62.0,69.0,0.014302626818797326,-0.017543859649122806,5.337140838496552,3.47953216374269,720.0,0.14305555555555555,103.0,1.0,617.0,13.586709886547812,2.3012965907271075,6.0,21.0,15.0,14.0,1.0,189.89465153970826,10.0,12.0,14.0,15.0,16.0,-0.002303344874665546,-0.003246753246753247,2.345897741130271,1.6948051948051948,480.0,0.18958333333333333,91.0,1.0,389.0,20.552699228791774,13.437101848306916,1.0,70.0,69.0,20.0,10.0,602.9691516709512,4.0,9.0,20.0,28.0,37.0,0.04834760024381841,0.041237113402061855,7.434826831604229,4.649484536082475
22,79,126,70,75,71,7.0,25.0,14.0,17.0,15.0,96,46,27840.0,0.0,0.0,6360.0,17100.0,4380.0,60.0,2784.0,765.0,2180,17.0,11.0,23.0,0.0,16.0,86.0,group6,6,dataset_user_6_train.csv,686.0,0.0029154518950437317,684.0,93.23538011695906,8.946486765222783,70.0,126.0,56.0,93.0,5.0,8772.875730994152,81.0,88.0,93.0,98.0,105.0,0.010508522752307238,-0.004392386530014641,3.5798743654882577,2.267935578330893,720.0,0.09305555555555556,67.0,1.0,653.0,17.362940275650843,2.628324673453094,9.0,24.0,15.0,18.0,2.0,308.37978560490046,14.0,16.0,18.0,19.0,20.0,-0.00027823146496192724,0.0015337423312883436,2.5067389131943525,1.9217791411042944,480.0,0.16875,81.0,1.0,399.0,45.08771929824562,15.863762857260001,10.0,86.0,76.0,43.0,11.0,2284.561403508772,24.0,34.0,43.0,55.0,68.39999999999998,-0.02581195450938905,-0.03015075376884422,9.834514929414226,6.964824120603015
23,71,145,52,55,50,8.0,21.0,14.0,14.0,14.0,97,39,29745.0,0.0,0.0,6120.0,22020.0,1620.0,900.0,2892.0,616.0,6448,14.0,9.0,18.0,1.0,27.0,62.0,group6,15,dataset_user_15_train.csv,720.0,0.0,720.0,75.28611111111111,15.182366467162156,52.0,145.0,93.0,72.0,10.0,5898.502777777778,58.900000000000006,63.0,72.0,84.0,96.0,0.030501505597040124,-0.011126564673157162,6.739944964084721,4.47009735744089,720.0,0.13472222222222222,97.0,1.0,623.0,13.764044943820224,2.0057359987935746,8.0,21.0,13.0,14.0,1.0,193.47191011235955,11.0,12.5,14.0,15.0,16.0,-0.0007325941156643128,-0.001607717041800643,2.246468608607325,1.6543408360128617,480.0,0.17708333333333334,85.0,1.0,395.0,38.92911392405063,22.58508610576331,6.0,96.0,90.0,34.0,16.0,2025.5620253164557,15.0,19.5,34.0,56.5,73.60000000000002,0.09632266895647992,-0.0532994923857868,12.300373556155286,8.525380710659899
23,65,145,65,67,66,7.0,23.0,13.0,14.0,15.0,99,43,22920.0,0.0,0.0,3600.0,16260.0,3060.0,1920.0,3640.0,425.0,7223,14.0,9.0,19.0,0.0,14.0,71.0,group6,24,dataset_user_24_train.csv,712.0,0.0028089887640449437,710.0,93.63521126760564,17.35927400467688,65.0,145.0,80.0,97.0,13.0,9068.897183098592,70.0,76.0,97.0,107.0,114.10000000000002,0.050160921609713985,-0.018335684062059238,5.587458457244643,3.4739069111424543,720.0,0.1638888888888889,118.0,1.0,602.0,13.674418604651162,2.3953810919352083,6.0,21.0,15.0,14.0,1.0,192.72757475083057,11.0,12.0,14.0,15.0,17.0,-0.0014648621338501275,0.0066555740432612314,2.41183071900672,1.7437603993344426,480.0,0.39166666666666666,188.0,1.0,292.0,42.167808219178085,31.6443624681872,6.0,99.0,93.0,23.0,13.0,2779.4897260273974,11.0,13.75,23.0,76.0,88.0,0.2016073875530008,-0.09965635738831616,9.436004375585455,5.577319587628866
23,80,112,41,42,44,6.0,23.0,13.0,14.0,14.0,87,20,23392.0,0.0,0.0,5640.0,13800.0,3960.0,1140.0,2398.0,279.0,8406,14.0,10.0,17.0,2.0,7.0,45.0,group6,42,dataset_user_42_train.csv,663.0,0.004524886877828055,660.0,55.9969696969697,11.706382223242905,41.0,112.0,71.0,54.0,8.0,3272.7,44.0,47.0,54.0,62.0,71.0,0.026066342501412352,-0.019726858877086494,5.591661843425525,3.370257966616085,720.0,0.19722222222222222,142.0,1.0,578.0,13.602076124567475,2.1542898012658993,8.0,21.0,13.0,14.0,1.0,189.6574394463668,11.0,12.0,14.0,15.0,16.0,-0.0034110206560669966,0.0034662045060658577,2.4345836791531603,1.7538994800693242,480.0,0.25,120.0,1.0,360.0,19.733333333333334,14.153758825445943,2.0,72.0,70.0,15.5,8.5,589.7333333333333,6.0,8.0,15.5,26.0,41.10000000000002,0.06644572874790701,0.013927576601671309,7.174104306213156,4.515320334261839
24,68,148,46,49,50,7.0,21.0,13.0,14.0,14.0,97,27,30403.0,0.0,0.0,5940.0,19800.0,4680.0,1800.0,3860.0,425.0,6656,14.0,9.0,18.0,0.0,22.0,58.0,group6,15,dataset_user_15_train.csv,553.0,0.0018083182640144665,552.0,78.92391304347827,23.11340991765222,46.0,148.0,102.0,75.0,19.0,6763.213768115942,53.0,59.0,75.0,98.0,111.0,0.11406973775889254,0.0925589836660617,7.829892866969951,5.185117967332124,720.0,0.4652777777777778,335.0,1.0,385.0,13.846753246753247,1.9082584986197213,8.0,19.0,11.0,14.0,1.0,195.37402597402598,11.0,13.0,14.0,15.0,16.0,-0.005731444721082027,0.005208333333333333,2.015557707748376,1.3854166666666667,480.0,0.5375,258.0,0.0,367.0,29.91931540342298,20.106173054853656,3.0,93.0,89.0,23.5,11.0,1350.5459610027856,9.0,14.0,23.5,42.0,62.60000000000002,0.08132908976897116,0.00228310502283105,10.553831865413933,6.506849315068493
24,58,128,63,64,66,7.0,23.0,14.0,15.0,15.0,100,43,19380.0,0.0,0.0,4200.0,13260.0,1920.0,1500.0,2463.0,425.0,11741,15.0,12.0,19.0,2.0,17.0,73.0,group6,24,dataset_user_24_train.csv,703.0,0.004267425320056899,700.0,98.21428571428571,20.109054717530935,63.0,191.0,128.0,101.0,12.0,10050.42,69.0,81.0,101.0,110.0,123.0,0.054765557830584496,0.02145922746781116,7.479746435573149,4.264663805436338,720.0,0.21805555555555556,157.0,1.0,563.0,14.573712255772646,2.2935893908364315,7.0,23.0,16.0,15.0,1.0,217.65364120781527,12.0,13.0,15.0,16.0,17.0,-0.0022118094702187775,0.0035587188612099642,2.5330529884472672,1.8825622775800712,480.0,0.5458333333333333,262.0,0.0,367.0,29.91931540342298,20.106173054853656,3.0,93.0,89.0,23.5,11.0,1350.5459610027856,9.0,14.0,23.5,42.0,62.60000000000002,0.08132908976897116,0.00228310502283105,10.553831865413933,6.506849315068493
24,60,142,39,41,44,7.0,22.0,14.0,14.0,15.0,96,28,23100.0,0.0,0.0,4980.0,13860.0,4260.0,240.0,2546.0,427.0,10269,14.0,11.0,19.0,0.0,8.0,44.0,group6,42,dataset_user_42_train.csv,703.0,0.002844950213371266,701.0,59.95292439372325,15.090381368613713,39.0,142.0,103.0,57.0,11.0,3822.0727532097003,44.0,48.0,57.0,69.0,79.0,0.03387214148983051,0.02,6.245880928374201,4.0,720.0,0.14722222222222223,106.0,1.0,614.0,13.835504885993485,2.0737171747820144,8.0,21.0,13.0,14.0,1.0,195.7214983713355,11.0,13.0,14.0,15.0,16.700000000000045,-0.0012360820240878783,0.0065252854812398045,2.3180875769587237,1.7030995106035889,480.0,0.19791666666666666,95.0,1.0,385.0,27.867532467532467,22.18178989626835,1.0,88.0,87.0,22.0,14.0,1268.631168831169,5.0,10.0,22.0,43.0,65.0,0.11743426586367002,0.09895833333333333,9.358073550768728,5.234375
25,83,144,53,54,51,7.0,20.0,13.0,14.0,14.0,98,37,19980.0,0.0,0.0,6600.0,9900.0,3480.0,0.0,3347.0,1071.0,6656,14.0,10.0,19.0,0.0,23.0,64.0,group6,15,dataset_user_15_train.csv,720.0,0.0,720.0,78.45833333333333,15.197164848893507,53.0,144.0,91.0,74.0,9.0,6386.663888888889,62.0,67.0,74.0,88.25,99.0,0.024111093321296278,-0.019471488178025034,7.184023322455714,4.484005563282337,720.0,0.2,144.0,1.0,576.0,13.756944444444445,1.926592154620929,7.0,19.0,12.0,14.0,1.0,192.96527777777777,11.0,12.0,14.0,15.0,16.0,-0.0026670308693140425,-0.0034782608695652175,2.1402937805167577,1.5930434782608696,480.0,0.27291666666666664,131.0,1.0,349.0,35.79369627507163,19.227274840675385,9.0,93.0,84.0,28.0,9.0,1650.8767908309455,17.0,22.0,28.0,46.0,67.0,0.04735133456603667,-0.10632183908045977,12.052455524592558,7.704022988505747
25,70,145,71,74,68,8.0,23.0,14.0,15.0,15.0,99,44,18720.0,0.0,2880.0,2760.0,14520.0,1440.0,540.0,3780.0,425.0,11136,15.0,9.0,19.0,0.0,26.0,79.0,group6,24,dataset_user_24_train.csv,720.0,0.0,720.0,96.86944444444444,15.767218444263902,71.0,145.0,74.0,97.0,13.0,9632.294444444444,77.0,81.75,97.0,108.0,119.0,0.029380329308762818,-0.03477051460361613,4.467177584695477,2.963838664812239,720.0,0.225,162.0,1.0,558.0,14.46236559139785,2.4636095838738563,8.0,21.0,13.0,14.0,2.0,215.2293906810036,11.0,13.0,14.0,16.0,18.0,-0.0011429455900088818,-0.0017953321364452424,2.325797176000529,1.7001795332136445,480.0,0.4041666666666667,194.0,1.0,286.0,44.03146853146853,21.49684614884034,15.0,97.0,82.0,36.5,14.5,2400.8846153846152,21.5,25.0,36.5,64.0,74.5,0.1030161109750327,-0.14736842105263157,11.562463545898462,7.536842105263158
25,81,106,42,45,44,6.0,23.0,14.0,15.0,15.0,97,23,16980.0,4560.0,0.0,4200.0,10380.0,2400.0,1260.0,2267.0,148.0,6342,15.0,11.0,18.0,2.0,14.0,49.0,group6,42,dataset_user_42_train.csv,650.0,0.0015384615384615385,649.0,59.07858243451464,10.910265186248576,42.0,106.0,64.0,59.0,7.0,3609.3127889060092,46.0,50.0,59.0,65.0,72.0,0.015692386709335863,0.010802469135802469,5.68555191609497,3.631172839506173,720.0,0.2361111111111111,170.0,1.0,550.0,14.394545454545455,2.1283299626120162,8.0,22.0,14.0,14.0,1.0,211.73272727272726,11.0,13.0,14.0,16.0,17.0,-0.0020016895623095983,0.0,2.303873352115198,1.6174863387978142,480.0,0.2875,138.0,1.0,342.0,23.216374269005847,15.487024214413092,2.0,73.0,71.0,23.0,10.0,778.8479532163743,5.0,11.0,23.0,31.0,46.900000000000034,0.004089162399685246,-0.01466275659824047,8.863402411355457,5.457478005865102
25,92,105,50,53,73,7.0,24.0,14.0,14.0,15.0,97,36,25380.0,0.0,0.0,4800.0,15600.0,4560.0,480.0,2039.0,20.0,56,14.0,10.0,19.0,0.0,16.0,59.0,group6,6,dataset_user_6_train.csv,140.0,0.007142857142857143,139.0,92.96402877697842,4.312288067055888,78.0,105.0,27.0,93.0,3.0,8660.906474820144,87.0,91.0,93.0,96.0,97.2,0.0643728495464498,0.11594202898550725,3.8260595080262676,2.782608695652174,720.0,0.8083333333333333,582.0,0.0,592.0,14.232602003862869,2.204236861888561,8.0,21.0,13.0,14.0,1.0,207.69879259902632,11.0,13.0,14.0,16.0,17.0,1.5052305793507526e-05,0.0,2.237509369016874,1.6187020261097498,480.0,0.825,396.0,0.0,367.0,29.91931540342298,20.106173054853656,3.0,93.0,89.0,23.5,11.0,1350.5459610027856,9.0,14.0,23.5,42.0,62.60000000000002,0.08132908976897116,0.00228310502283105,10.553831865413933,6.506849315068493
26,81,131,47,52,51,7.0,20.0,14.0,14.0,14.0,95,28,32520.0,0.0,0.0,3600.0,23940.0,4980.0,960.0,2674.0,398.0,9537,14.0,8.0,18.0,1.0,17.0,60.0,group6,15,dataset_user_15_train.csv,720.0,0.0,720.0,69.64444444444445,13.102108491139136,47.0,131.0,84.0,66.0,8.0,5022.013888888889,55.0,61.0,66.0,78.0,89.0,0.02079688296723823,-0.006954102920723227,6.288936046087116,4.21557719054242,720.0,0.11944444444444445,86.0,1.0,634.0,13.794952681388013,1.9799244196534698,7.0,19.0,12.0,14.0,1.0,194.22082018927443,11.0,13.0,14.0,15.0,16.0,-0.0008118993498142179,-0.001579778830963665,2.0786275777503938,1.5497630331753554,480.0,0.14583333333333334,70.0,1.0,410.0,28.12682926829268,20.322125685702392,2.0,91.0,89.0,22.0,10.0,1204.1073170731706,8.0,14.0,22.0,37.0,62.200000000000045,0.06946220280470614,-0.017114914425427872,11.508992996506715,7.32762836185819
26,67,136,64,67,68,8.0,22.0,15.0,15.0,15.0,99,41,30000.0,0.0,0.0,5700.0,22020.0,2280.0,480.0,3590.0,425.0,7454,15.0,9.0,21.0,2.0,23.0,73.0,group6,24,dataset_user_24_train.csv,720.0,0.0,720.0,93.32916666666667,16.579898618340355,64.0,136.0,72.0,97.0,13.0,8985.226388888888,71.0,75.0,97.0,107.0,113.0,0.056731414090947965,0.015299026425591099,5.255215531179539,3.7232267037552154,720.0,0.16527777777777777,119.0,1.0,601.0,14.504159733777039,2.217101734458982,8.0,21.0,13.0,14.0,1.0,215.28618968386024,12.0,13.0,14.0,16.0,17.0,6.01986722019227e-05,0.008333333333333333,2.495648991522824,1.7983333333333333,480.0,0.3645833333333333,175.0,1.0,305.0,40.940983606557374,29.773953723749784,6.0,96.0,90.0,25.0,16.0,2562.6524590163935,11.0,13.0,25.0,71.0,82.0,0.26452147727080483,0.039473684210526314,9.91336257874837,6.394736842105263
26,99,128,42,44,44,6.0,22.0,14.0,15.0,14.0,96,30,25200.0,0.0,0.0,5400.0,15060.0,4740.0,1020.0,2969.0,850.0,13982,15.0,10.0,20.0,0.0,17.0,49.0,group6,42,dataset_user_42_train.csv,602.0,0.0049833887043189366,599.0,67.65108514190317,27.119228398056233,42.0,188.0,146.0,61.0,10.0,5312.121869782972,48.0,51.0,61.0,70.0,94.20000000000005,0.042290606975952105,-0.013377926421404682,6.0717412466993865,3.6655518394648827,676.0,0.20118343195266272,136.0,1.0,540.0,14.298148148148147,2.265276595059906,7.0,22.0,15.0,14.0,2.0,209.56851851851852,11.0,13.0,14.0,16.0,17.0,-0.004888181677196729,-0.0074211502782931356,2.3881161854894795,1.7662337662337662,451.0,0.2638580931263858,119.0,1.0,332.0,29.876506024096386,22.538717474215204,2.0,94.0,92.0,23.5,12.5,1400.5993975903614,7.100000000000001,13.0,23.5,40.0,60.900000000000034,0.11064835810950176,0.02416918429003021,8.877448029937813,5.673716012084592
26,79,164,64,69,73,8.0,23.0,15.0,15.0,16.0,95,33,29100.0,0.0,0.0,5700.0,17460.0,5940.0,120.0,3379.0,1360.0,7970,15.0,10.0,22.0,0.0,16.0,75.0,group6,6,dataset_user_6_train.csv,580.0,0.0017241379310344827,579.0,91.21070811744387,19.187840385763952,64.0,164.0,100.0,90.0,14.0,8687.566493955095,71.0,75.0,90.0,103.0,112.0,0.08534558491233253,0.10380622837370242,5.151976075734815,3.359861591695502,720.0,0.2708333333333333,195.0,1.0,525.0,15.24,2.436922336922225,9.0,22.0,13.0,15.0,1.0,238.19619047619048,12.0,14.0,15.0,17.0,19.0,-0.0007732272951557194,-0.0057251908396946565,2.532605251434662,1.8721374045801527,480.0,0.39166666666666666,188.0,1.0,292.0,32.647260273972606,22.47637022566808,2.0,92.0,90.0,23.0,11.0,1571.0308219178082,11.0,15.0,23.0,50.0,68.0,0.21201643777777668,0.17869415807560138,10.421150167009777,6.81786941580756
27,75,124,51,55,52,7.0,23.0,14.0,14.0,14.0,98,33,26880.0,0.0,0.0,4860.0,18720.0,3300.0,540.0,3073.0,797.0,8417,14.0,9.0,20.0,1.0,16.0,61.0,group6,15,dataset_user_15_train.csv,559.0,0.0017889087656529517,558.0,76.11111111111111,16.844381081958733,51.0,124.0,73.0,71.0,11.0,6076.634408602151,58.0,62.0,71.0,88.0,101.0,0.06304538432633293,0.0017953321364452424,6.115436248631275,4.048473967684021,683.0,0.3601756954612006,246.0,1.0,437.0,14.327231121281464,1.9701467320145525,8.0,20.0,12.0,14.0,1.0,209.15102974828375,12.0,13.0,14.0,16.0,17.0,-1.7399011678619e-05,0.0045871559633027525,2.1704810831500225,1.5642201834862386,455.0,0.4,182.0,1.0,273.0,33.10622710622711,22.71401428060728,4.0,94.0,90.0,23.0,10.0,1611.948717948718,12.0,16.0,23.0,50.0,70.60000000000002,0.18831538791822175,-0.007352941176470588,11.270730131582512,7.220588235294118
27,74,140,64,67,68,8.0,22.0,15.0,15.0,13.0,98,46,21480.0,0.0,0.0,5880.0,14160.0,1440.0,1080.0,3375.0,1438.0,7778,15.0,11.0,20.0,1.0,14.0,70.0,group6,24,dataset_user_24_train.csv,714.0,0.0014005602240896359,713.0,92.14586255259466,15.805835834143377,64.0,140.0,76.0,95.0,11.0,8740.68443197756,69.0,76.0,95.0,104.0,110.0,0.04112786359796609,-0.02247191011235955,5.206904508805371,3.4747191011235956,720.0,0.1388888888888889,100.0,1.0,620.0,14.785483870967742,2.3501782207089517,8.0,21.0,13.0,15.0,2.0,224.13387096774193,12.0,13.0,15.0,16.0,18.0,-0.0007027727993317425,-0.0032310177705977385,2.445527234340395,1.7932148626817448,480.0,0.2708333333333333,130.0,1.0,350.0,46.77428571428572,28.99956495099433,6.0,97.0,91.0,49.0,30.0,3028.808571428571,11.0,16.0,49.0,73.75,86.0,0.16370358708467592,-0.06876790830945559,10.477202645400203,7.0315186246418335
27,80,107,42,44,43,8.0,21.0,13.0,14.0,15.0,97,18,29844.0,0.0,0.0,6240.0,16800.0,6840.0,240.0,2316.0,197.0,6383,14.0,11.0,18.0,0.0,7.0,46.0,group6,42,dataset_user_42_train.csv,712.0,0.0014044943820224719,711.0,55.50351617440225,9.752329680167025,42.0,107.0,65.0,54.0,6.0,3175.7482419127987,45.0,48.0,54.0,60.0,68.0,0.02199104168461201,0.023943661971830985,5.037687955847206,3.387323943661972,720.0,0.1111111111111111,80.0,1.0,640.0,13.8671875,1.8906475980054427,8.0,20.0,12.0,14.0,1.0,195.8734375,11.0,13.0,14.0,15.0,16.0,-0.0026924580504346933,0.0,2.041816368948746,1.5148669796557122,480.0,0.15,72.0,1.0,408.0,17.938725490196077,12.712648878690848,2.0,76.0,74.0,17.0,8.0,483.4093137254902,4.0,8.0,17.0,24.0,35.0,0.059011612190096305,0.012285012285012284,6.925177256699219,4.169533169533169
27,79,147,68,71,72,9.0,24.0,14.0,16.0,16.0,96,35,26820.0,0.0,0.0,6840.0,15240.0,4740.0,420.0,2632.0,613.0,2751,16.0,11.0,22.0,1.0,24.0,77.0,group6,6,dataset_user_6_train.csv,522.0,0.0038314176245210726,520.0,88.36730769230769,12.90697815366446,68.0,147.0,79.0,87.0,10.0,7975.371153846154,73.0,77.0,87.0,98.0,104.0,0.062198725131835116,0.009633911368015413,4.831446412044027,2.5529865125240847,720.0,0.32083333333333336,231.0,1.0,489.0,16.664621676891617,2.4632256251901703,10.0,23.0,13.0,17.0,2.0,283.77709611451945,14.0,15.0,17.0,18.0,20.0,0.0006026185994864608,0.010245901639344262,2.5563120089444022,1.9077868852459017,480.0,0.3770833333333333,181.0,1.0,299.0,34.474916387959865,14.749248818569459,8.0,85.0,77.0,30.0,9.0,1406.0602006688964,18.8,24.0,30.0,44.0,55.0,0.08714911000875403,-0.06375838926174497,10.463709832483065,6.573825503355705
28,65,151,51,54,53,7.0,20.0,14.0,14.0,15.0,99,46,23754.0,0.0,0.0,5280.0,15240.0,3240.0,300.0,3626.0,781.0,5066,14.0,11.0,18.0,0.0,23.0,58.0,group6,15,dataset_user_15_train.csv,900.0,0.0,900.0,78.11222222222223,16.502513800278884,51.0,151.0,100.0,79.5,12.5,6373.852222222222,56.0,62.0,79.5,89.0,98.0,0.009146784954878542,0.0055617352614015575,6.291312599799124,4.372636262513904,900.0,0.10666666666666667,96.0,1.0,804.0,13.936567164179104,2.099444645049799,8.0,20.0,12.0,14.0,1.0,198.6355721393035,11.0,13.0,14.0,15.25,16.700000000000045,0.0012915435661739877,0.0,2.0522441624029684,1.5043586550435866,600.0,0.16,96.0,1.0,504.0,46.02777777777778,29.22116035550344,3.0,98.0,95.0,47.5,30.5,2972.4325396825398,11.0,15.0,47.5,75.0,83.0,0.03730141545821722,0.003976143141153081,10.877228484243439,7.057654075546719
28,81,144,62,64,68,7.0,26.0,14.0,13.0,15.0,97,16,20760.0,0.0,0.0,3960.0,13260.0,3540.0,600.0,2284.0,347.0,3596,13.0,11.0,17.0,1.0,10.0,67.0,group6,24,dataset_user_24_train.csv,304.0,0.003289473684210526,303.0,77.40924092409242,17.2415621612555,62.0,144.0,82.0,69.0,5.0,6289.4620462046205,65.0,66.0,69.0,81.0,106.0,0.11492818417429056,-0.013245033112582781,5.3400731137774295,3.205298013245033,540.0,0.2037037037037037,110.0,1.0,430.0,13.706976744186047,2.2345485313579676,8.0,26.0,18.0,14.0,1.0,192.87441860465117,11.0,13.0,14.0,15.0,17.0,-0.002716303822438825,-0.011655011655011656,2.199248507452752,1.4382284382284383,361.0,0.5263157894736842,190.0,0.0,367.0,29.91931540342298,20.106173054853656,3.0,93.0,89.0,23.5,11.0,1350.5459610027856,9.0,14.0,23.5,42.0,62.60000000000002,0.08132908976897116,0.00228310502283105,10.553831865413933,6.506849315068493
28,58,128,43,44,43,7.0,20.0,13.0,15.0,15.0,90,23,23340.0,0.0,0.0,5340.0,13860.0,4140.0,60.0,3403.0,1284.0,6656,15.0,9.0,19.0,0.0,9.0,47.0,group6,42,dataset_user_42_train.csv,661.0,0.006051437216338881,657.0,67.48401826484019,29.594830737481573,43.0,191.0,148.0,56.0,9.0,5429.946727549467,46.0,48.0,56.0,71.0,106.39999999999998,0.08677792085619569,0.01524390243902439,7.755981912583118,4.439024390243903,720.0,0.24583333333333332,177.0,1.0,543.0,13.802946593001842,2.0283058119428024,8.0,21.0,13.0,14.0,1.0,194.6353591160221,11.0,12.0,14.0,15.0,16.0,-0.0023083717187513124,0.0018450184501845018,2.231524454930953,1.6402214022140222,480.0,0.31666666666666665,152.0,1.0,328.0,23.307926829268293,19.775099780069866,1.0,87.0,86.0,16.0,7.5,934.314024390244,7.0,10.0,16.0,28.0,48.900000000000034,0.0794175818420854,0.13761467889908258,8.281516086039556,4.3577981651376145
28,77,112,68,73,72,9.0,23.0,16.0,16.0,15.0,90,40,27060.0,0.0,0.0,5040.0,17100.0,4920.0,840.0,2191.0,172.0,271,16.0,10.0,20.0,1.0,25.0,79.0,group6,6,dataset_user_6_train.csv,720.0,0.0,720.0,87.78055555555555,8.023518189410582,68.0,112.0,44.0,89.0,5.0,7769.802777777778,76.0,81.0,89.0,93.0,97.0,0.020731296420967896,-0.009735744089012517,3.4125131452245205,2.3630041724617525,720.0,0.008333333333333333,6.0,1.0,714.0,16.008403361344538,2.367482080254217,9.0,22.0,13.0,16.0,2.0,261.87394957983196,13.0,14.0,16.0,18.0,19.0,-0.0011887131101717355,0.0,2.5217149488611827,1.9635343618513323,480.0,0.01875,9.0,1.0,471.0,40.11464968152866,15.665140341052735,9.0,79.0,70.0,42.0,13.0,1854.5817409766455,19.0,26.0,42.0,52.0,61.0,0.06066253063549558,-0.002127659574468085,10.320708151559199,7.240425531914894
29,70,180,45,47,44,7.0,22.0,14.0,15.0,15.0,91,32,21120.0,0.0,900.0,3300.0,17220.0,600.0,1980.0,3034.0,915.0,16550,15.0,10.0,18.0,0.0,14.0,50.0,group6,42,dataset_user_42_train.csv,658.0,0.004559270516717325,655.0,67.2030534351145,22.223568875797096,45.0,180.0,135.0,63.0,9.0,5010.137404580153,49.0,52.0,63.0,71.0,86.60000000000002,0.051141750037151594,-0.03058103975535168,5.946420862091804,3.6269113149847096,720.0,0.225,162.0,1.0,558.0,14.105734767025089,2.172144295401605,9.0,21.0,12.0,14.0,2.0,203.6899641577061,11.0,13.0,14.0,16.0,17.0,-0.004613050790663416,-0.005385996409335727,2.351127099745477,1.7719928186714542,480.0,0.2604166666666667,125.0,1.0,355.0,31.504225352112677,20.087046043809373,4.0,86.0,82.0,28.0,15.0,1396.0056338028169,10.0,14.0,28.0,44.0,62.0,0.08942817062343592,-0.0903954802259887,8.935599364440389,6.022598870056497
