day,label,hr_maxHeartRate,hr_minHeartRate,hr_restingHeartRate,hr_lastSevenDaysAvgRestingHeartRate,resp_lowestRespirationValue,resp_highestRespirationValue,resp_avgWakingRespirationValue,resp_avgSleepRespirationValue,resp_avgTomorrowSleepRespirationValue,str_maxStressLevel,str_avgStressLevel,sleep_sleepTimeSeconds,sleep_napTimeSeconds,sleep_unmeasurableSleepSeconds,sleep_deepSleepSeconds,sleep_lightSleepSeconds,sleep_remSleepSeconds,sleep_awakeSleepSeconds,act_totalCalories,act_activeKilocalories,act_distance,act_activeTime,sleep_averageRespirationValue,sleep_lowestRespirationValue,sleep_highestRespirationValue,sleep_awakeCount,sleep_avgSleepStress,sleep_avgHeartRate,client_id,user_id,source_file,ts__hr_time_series__len,ts__hr_time_series__mean,ts__hr_time_series__std,ts__hr_time_series__min,ts__hr_time_series__max,ts__hr_time_series__range,ts__hr_time_series__median,ts__hr_time_series__mad,ts__hr_time_series__energy,ts__hr_time_series__q10,ts__hr_time_series__q25,ts__hr_time_series__q50,ts__hr_time_series__q75,ts__hr_time_series__q90,ts__hr_time_series__slope,ts__hr_time_series__diff_mean,ts__hr_time_series__diff_std,ts__hr_time_series__diff_abs_mean,ts__resp_time_series__len,ts__resp_time_series__mean,ts__resp_time_series__std,ts__resp_time_series__min,ts__resp_time_series__max,ts__resp_time_series__range,ts__resp_time_series__median,ts__resp_time_series__mad,ts__resp_time_series__energy,ts__resp_time_series__q10,ts__resp_time_series__q25,ts__resp_time_series__q50,ts__resp_time_series__q75,ts__resp_time_series__q90,ts__resp_time_series__slope,ts__resp_time_series__diff_mean,ts__resp_time_series__diff_std,ts__resp_time_series__diff_abs_mean,ts__stress_time_series__len,ts__stress_time_series__mean,ts__stress_time_series__std,ts__stress_time_series__min,ts__stress_time_series__max,ts__stress_time_series__range,ts__stress_time_series__median,ts__stress_time_series__mad,ts__stress_time_series__energy,ts__stress_time_series__q10,ts__stress_time_series__q25,ts__stress_time_series__q50,ts__stress_time_series__q75,ts__stress_time_series__q90,ts__stress_time_series__slope,ts__stress_time_series__diff_mean,ts__stress_time_series__diff_std,ts__stress_time_series__diff_abs_mean
6,79,140.0,62.0,,,7.0,,14.0,,13.0,87.0,38.0,,,,,,,,2949.0,768.0,5179.0,,13.0,10.0,20.0,0.0,8.0,61.0,group4,4,dataset_user_4_train.csv,,,16.620958140033203,62.0,140.0,78.0,,9.0,,,,,,118.0,,0.03619909502262444,7.831283826270186,,,14.43,2.526875541058562,9.0,20.0,,15.0,2.0,214.61,11.0,13.0,15.0,16.0,18.0,,,,,,37.04,17.105507884889008,8.0,74.0,66.0,36.5,13.5,1664.56,14.0,23.0,36.5,49.0,60.1,,,12.620893936845277,
6,85,117.0,,,,,20.0,14.0,,14.0,,,,,,,,,,1964.0,145.0,3031.0,,14.0,10.0,19.0,,13.0,66.0,group4,40,dataset_user_40_train.csv,,,11.99071906726198,,117.0,41.0,88.0,7.5,8688.46875,,,88.0,104.0,109.7,,,,,,14.23076923076923,,,20.0,10.0,14.0,2.0,209.10256410256412,11.0,12.0,14.0,16.0,17.200000000000003,,,,,,,,,,,,10.5,2754.2,,,,63.25,67.0,,,8.652413878680205,6.631578947368421
7,72,183.0,55.0,57.0,,7.0,24.0,14.0,13.0,13.0,95.0,23.0,22004.0,0.0,0.0,4440.0,11580.0,6000.0,60.0,3411.0,1230.0,12525.0,,,,,,,,group4,4,dataset_user_4_train.csv,720.0,79.16666666666667,20.724381776062707,55.0,183.0,128.0,76.0,11.0,6696.861111111111,58.0,64.0,76.0,86.0,102.0,0.06430352553406418,-0.012517385257301807,7.006343970463596,4.410292072322671,534.0,14.00561797752809,2.466624839988814,8.0,,,14.0,2.0,202.24157303370785,11.0,12.0,14.0,16.0,18.0,0.002373044110250309,0.0075046904315197,,,325.0,23.046153846153846,19.096218529598406,1.0,88.0,87.0,22.0,15.0,895.7907692307692,2.0,6.0,22.0,35.0,49.0,0.16068271197105552,0.040123456790123455,10.561764021413168,6.898148148148148
7,93,129.0,59.0,62.0,71.0,6.0,21.0,15.0,14.0,14.0,98.0,39.0,32700.0,0.0,0.0,5040.0,19320.0,8340.0,,2622.0,803.0,9233.0,,,,,,,,group4,40,dataset_user_40_train.csv,720.0,83.8861111111111,16.608425786291892,59.0,129.0,70.0,83.0,13.0,7312.719444444445,65.0,69.0,83.0,94.0,108.0,0.050748233182034176,0.004172461752433936,5.059999873921115,3.2948539638386647,613.0,14.34094616639478,2.153089608756122,8.0,20.0,12.0,14.0,1.0,210.29853181076672,12.0,13.0,14.0,15.0,17.0,0.0016543997176002138,-0.0032679738562091504,2.0848008415925596,1.5032679738562091,373.0,39.58981233243968,29.57057452003044,2.0,97.0,95.0,27.0,19.0,2441.7721179624664,8.0,12.0,27.0,69.0,80.80000000000001,0.19932215100627532,0.03763440860215054,9.431626206471554,5.795698924731183
8,73,195.0,57.0,59.0,,7.0,21.0,15.0,13.0,13.0,97.0,25.0,21960.0,0.0,0.0,4200.0,15180.0,2580.0,1800.0,3066.0,885.0,8999.0,,13.0,9.0,19.0,1.0,16.0,64.0,group4,4,dataset_user_4_train.csv,673.0,78.42050520059435,17.687732043043166,57.0,195.0,138.0,75.0,10.0,6462.631500742942,61.0,66.0,75.0,86.0,100.0,0.03201673965912218,-0.005952380952380952,6.232830725671546,3.955357142857143,520.0,14.338461538461539,2.4148701068869305,7.0,21.0,14.0,14.0,2.0,211.42307692307693,12.0,13.0,14.0,16.0,18.0,0.0022670771142474073,0.0019267822736030828,2.3666753805442418,1.6859344894026975,318.0,24.4874213836478,16.33180422365497,3.0,96.0,93.0,21.0,6.0,866.3616352201258,10.0,15.0,21.0,26.0,46.30000000000001,0.04219091302782955,-0.031545741324921134,10.610940806691591,6.416403785488959
8,67,136.0,58.0,59.0,67.0,7.0,22.0,14.0,14.0,14.0,99.0,42.0,28826.0,0.0,0.0,6120.0,16020.0,6720.0,240.0,2847.0,1028.0,5003.0,,14.0,10.0,19.0,0.0,15.0,,group4,40,dataset_user_40_train.csv,704.0,85.73863636363636,18.662976425254005,58.0,136.0,78.0,83.0,15.0,7699.420454545455,62.0,69.0,83.0,101.0,111.0,0.07231414963777787,0.02844950213371266,5.1682132482291365,3.3627311522048364,625.0,14.1184,2.108739301099119,,20.0,13.0,14.0,1.0,203.776,11.0,13.0,14.0,16.0,17.0,-0.002140624231998034,,2.155753124058253,1.5833333333333333,375.0,41.48,29.093394439288105,5.0,99.0,94.0,32.0,20.0,2567.016,10.0,16.0,32.0,67.5,87.60000000000002,0.21696393218796223,0.034759358288770054,9.201335076394125,5.804812834224599
9,77,120.0,51.0,55.0,61.0,8.0,23.0,15.0,13.0,12.0,94.0,28.0,20160.0,4260.0,0.0,4200.0,11820.0,4140.0,120.0,2580.0,399.0,6482.0,,13.0,11.0,19.0,0.0,9.0,60.0,group4,4,dataset_user_4_train.csv,720.0,74.25833333333334,12.489214791615648,51.0,120.0,69.0,74.0,9.0,5670.280555555555,58.0,64.0,74.0,82.25,91.0,0.02244992113539314,-0.005563282336578581,5.557134990283873,3.6968011126564675,617.0,14.39708265802269,2.323760277970245,8.0,21.0,13.0,14.0,2.0,212.67585089141005,12.0,13.0,14.0,16.0,17.0,0.002877533475006371,0.003246753246753247,2.3562549757064506,1.7012987012987013,390.0,27.71025641025641,20.323427114486464,1.0,90.0,89.0,23.0,12.0,1180.9,3.9000000000000057,13.0,23.0,40.0,58.0,0.07011192608862549,-0.010282776349614395,10.112981154821528,6.760925449871466
9,75,160.0,60.0,61.0,66.0,8.0,23.0,15.0,14.0,14.0,99.0,39.0,21803.0,0.0,0.0,3120.0,14460.0,4260.0,0.0,2972.0,1153.0,6428.0,,14.0,10.0,18.0,0.0,29.0,70.0,group4,40,dataset_user_40_train.csv,720.0,88.54722222222222,18.984876819181792,60.0,160.0,100.0,86.0,13.0,8201.03611111111,65.0,74.0,86.0,101.0,116.0,0.029382772729114038,-0.012517385257301807,5.074807195517158,3.3393602225312935,605.0,14.231404958677686,2.3529841456600336,8.0,22.0,14.0,14.0,1.0,208.0694214876033,11.0,13.0,14.0,16.0,17.0,0.003321500121113857,-0.0033112582781456954,2.2070002181062267,1.5496688741721854,364.0,38.612637362637365,24.03902401225767,3.0,98.0,95.0,34.0,18.0,2068.8104395604396,10.0,20.0,34.0,55.0,74.0,0.06639325804954697,-0.02203856749311295,11.146881080720007,7.6088154269972454
10,86,108.0,56.0,62.0,62.0,7.0,21.0,14.0,,17.0,,17.0,,,,,,,,2699.0,269.0,5362.0,,17.0,13.0,24.0,0.0,10.0,65.0,group4,22,dataset_user_22_train.csv,,72.84382871536523,9.677457951023884,56.0,108.0,52.0,71.0,5.0,5399.8765743073045,63.0,66.0,71.0,77.0,87.0,0.00833455116203872,,6.277781333039779,,,13.838509316770187,2.7035762400823917,8.0,20.0,12.0,14.0,2.0,198.8136645962733,10.0,12.0,14.0,16.0,17.0,0.0019118235630187406,0.0,,,,16.95049504950495,12.700180272848366,2.0,75.0,73.0,14.0,6.0,448.61386138613864,5.0,9.0,14.0,20.75,31.0,0.04907181402648758,-0.024875621890547265,13.012981582294929,
10,84,98.0,50.0,51.0,59.0,7.0,23.0,15.0,12.0,13.0,87.0,20.0,21162.0,0.0,0.0,3780.0,12000.0,5400.0,120.0,2268.0,87.0,2258.0,,12.0,10.0,17.0,0.0,7.0,57.0,group4,4,dataset_user_4_train.csv,720.0,67.51805555555555,9.942596720800314,50.0,98.0,48.0,67.0,7.0,4657.543055555556,54.0,60.0,67.0,74.0,80.10000000000002,0.02702826394341039,0.005563282336578581,4.902381945943126,3.41029207232267,660.0,14.175757575757576,2.319747936023445,8.0,21.0,13.0,14.0,2.0,206.33333333333334,11.0,12.0,14.0,16.0,17.0,0.0022981102928485726,-0.004552352048558422,2.0660513175997766,1.5584218512898331,410.0,20.153658536585365,15.437467844318846,1.0,83.0,82.0,19.0,9.0,644.4853658536585,2.0,8.0,19.0,25.0,40.0,0.07725491032505671,0.0024449877750611247,9.41582156444812,5.69437652811736
10,86,135.0,59.0,62.0,65.0,7.0,24.0,15.0,14.0,14.0,99.0,32.0,25010.0,0.0,0.0,3060.0,13860.0,8100.0,660.0,2363.0,544.0,4479.0,,14.0,8.0,20.0,1.0,23.0,70.0,group4,40,dataset_user_40_train.csv,720.0,82.08333333333333,13.903087187144203,59.0,135.0,76.0,81.0,8.0,6930.969444444445,66.0,71.0,81.0,88.0,103.0,0.046924730436079816,0.027816411682892908,4.997001002098564,3.376912378303199,643.0,14.208398133748055,2.347055549254713,8.0,23.0,15.0,14.0,2.0,207.38724727838257,11.0,12.0,14.0,16.0,17.0,0.0013491516310294841,0.001557632398753894,2.4009987675068625,1.8021806853582554,393.0,31.577608142493638,20.245307498379816,4.0,98.0,94.0,25.0,12.0,1407.0178117048347,10.200000000000003,16.0,25.0,43.0,58.0,0.10722687959207398,0.06377551020408163,11.090238124760443,7.002551020408164
11,83,108.0,52.0,60.0,61.0,6.0,25.0,13.0,17.0,16.0,,18.0,24420.0,0.0,0.0,6420.0,11760.0,6240.0,360.0,2636.0,206.0,4659.0,,,,,,,,group4,22,dataset_user_22_train.csv,720.0,67.46388888888889,7.579491802730202,52.0,108.0,56.0,66.0,3.0,4608.825,61.0,63.0,66.0,69.25,78.0,,0.0,5.436701118715466,3.6383866481223923,663.0,14.283559577677226,2.8509189329561098,7.0,24.0,17.0,15.0,2.0,212.14781297134238,11.0,12.0,15.0,16.0,18.0,-0.007293256908922344,-0.004531722054380665,2.259249669856339,1.6570996978851964,434.0,18.07373271889401,10.683942962169134,1.0,,,17.0,5.0,440.80645161290323,6.0,11.25,17.0,22.0,28.0,0.04577790712140657,0.009237875288683603,8.468112044019412,5.593533487297922
11,89,102.0,51.0,51.0,58.0,7.0,22.0,14.0,13.0,13.0,95.0,24.0,25590.0,0.0,0.0,4860.0,15000.0,5760.0,1500.0,2373.0,192.0,3829.0,,13.0,9.0,18.0,2.0,7.0,56.0,group4,4,dataset_user_4_train.csv,714.0,68.84313725490196,11.737346806054035,51.0,102.0,51.0,69.0,9.0,4877.142857142857,54.0,58.0,69.0,77.0,84.70000000000005,0.03748176582101175,0.001402524544179523,5.219044664058301,3.4488078541374474,622.0,13.961414790996784,2.1551829231993365,7.0,21.0,14.0,14.0,2.0,199.56591639871382,11.0,12.0,14.0,15.0,17.0,0.0021769835896697106,0.0,2.208897248207824,1.6360708534621577,380.0,23.49736842105263,18.367233222036653,1.0,93.0,92.0,22.0,14.0,889.4815789473685,3.0,6.75,22.0,34.0,48.10000000000002,0.12107493819209274,0.002638522427440633,10.75378038228859,6.445910290237467
11,85,138.0,63.0,66.0,65.0,8.0,21.0,14.0,14.0,13.0,93.0,32.0,31560.0,0.0,0.0,6900.0,17280.0,7380.0,600.0,2215.0,396.0,4703.0,,14.0,9.0,19.0,0.0,22.0,70.0,group4,40,dataset_user_40_train.csv,709.0,81.02538787023977,12.054737816893484,63.0,138.0,75.0,80.0,9.0,6710.430183356841,68.0,71.0,80.0,88.0,98.0,0.036173186473674596,-0.03248587570621469,4.93177361560354,3.139830508474576,616.0,14.058441558441558,2.0369540954190213,8.0,21.0,13.0,14.0,1.0,201.78896103896105,12.0,13.0,14.0,15.0,17.0,0.0003099797779008753,-0.008130081300813009,2.2418631006242653,1.6243902439024391,367.0,31.03814713896458,19.28839395921895,6.0,92.0,86.0,24.0,10.0,1335.408719346049,12.0,17.0,24.0,41.5,63.0,0.11179309226433819,-0.05191256830601093,10.126523856344818,6.609289617486339
12,83,122.0,56.0,58.0,60.0,8.0,23.0,15.0,16.0,15.0,99.0,40.0,25315.0,0.0,0.0,4080.0,,5400.0,60.0,3162.0,732.0,5929.0,,16.0,12.0,21.0,0.0,14.0,62.0,group4,22,dataset_user_22_train.csv,695.0,77.29208633093525,15.045050165956381,56.0,122.0,66.0,75.0,13.0,6200.420143884892,60.0,63.0,75.0,90.0,98.0,0.04244747300639067,-0.010086455331412104,5.670710606454083,3.675792507204611,597.0,15.12395309882747,2.5410622657338195,8.0,22.0,14.0,15.0,2.0,235.19095477386935,12.0,13.0,15.0,17.0,18.0,-0.003492412117826907,-0.0016778523489932886,2.4250504464923965,1.7164429530201342,385.0,39.88831168831169,,4.0,98.0,94.0,29.0,20.0,,8.0,14.0,29.0,,82.0,0.16857462485700828,-0.018229166666666668,9.336430716864768,6.169270833333333
12,59,99.0,51.0,52.0,57.0,6.0,21.0,15.0,13.0,14.0,86.0,20.0,28020.0,0.0,0.0,5460.0,16500.0,6060.0,1260.0,2568.0,387.0,12775.0,,13.0,10.0,19.0,2.0,12.0,57.0,group4,4,dataset_user_4_train.csv,,68.65928449744463,12.840514094606185,51.0,99.0,48.0,68.0,11.0,4878.976149914821,53.0,57.0,68.0,78.0,88.39999999999998,0.04674147045425609,0.02218430034129693,5.142792365784294,3.407849829351536,439.0,13.913439635535308,2.195828881926452,8.0,21.0,13.0,14.0,2.0,198.40546697038724,12.0,12.0,14.0,15.0,17.0,0.0006046516905567677,0.0,1.9977155903453014,,266.0,19.533834586466167,15.466942129256875,1.0,84.0,83.0,15.0,9.0,620.796992481203,5.0,8.0,15.0,25.75,43.5,0.1109134931881325,0.09811320754716982,9.668749320421247,5.471698113207547
12,91,131.0,58.0,62.0,65.0,8.0,23.0,15.0,13.0,14.0,96.0,36.0,32520.0,0.0,0.0,6060.0,19080.0,7380.0,720.0,2147.0,328.0,2949.0,,13.0,9.0,20.0,1.0,22.0,69.0,group4,40,dataset_user_40_train.csv,720.0,82.09583333333333,12.868371405849649,58.0,131.0,73.0,83.0,10.0,6905.320833333333,65.0,71.0,83.0,91.0,97.0,0.03893903794824706,0.022253129346314324,4.633380119857537,3.001390820584145,649.0,14.394453004622497,2.0513515522164036,8.0,20.0,12.0,14.0,1.0,211.40832049306624,12.0,13.0,14.0,16.0,17.0,0.003209408294154056,0.0030864197530864196,2.081663711396834,1.537037037037037,413.0,36.15496368038741,21.465670679826392,2.0,91.0,89.0,34.0,18.0,1767.956416464891,10.0,17.0,34.0,53.0,67.80000000000001,0.11514088861678848,0.043689320388349516,11.02613990235008,7.563106796116505
13,79,146.0,52.0,54.0,59.0,8.0,25.0,18.0,15.0,15.0,94.0,27.0,24463.0,0.0,0.0,5100.0,12540.0,6840.0,60.0,3045.0,615.0,4703.0,,15.0,11.0,18.0,0.0,14.0,58.0,group4,22,dataset_user_22_train.csv,,73.24844720496894,17.590004357088986,52.0,146.0,94.0,70.0,12.0,5674.743271221532,55.0,59.0,70.0,82.0,97.0,,0.02074688796680498,6.339593120692708,3.5269709543568464,,16.101149425287357,2.6865135400106563,9.0,24.0,15.0,16.0,2.0,266.46436781609196,13.0,14.0,16.0,18.0,20.0,,0.0069124423963133645,2.1104192163718,,,26.770428015564203,22.579341756035955,1.0,90.0,89.0,22.0,15.0,1226.4824902723735,3.6000000000000014,8.0,22.0,42.0,63.400000000000006,0.1995174362048683,0.0546875,10.887786013572445,6.25
13,53,133.0,,,80.0,8.0,24.0,16.0,,18.0,99.0,,,,,,,,,1983.0,240.0,707.0,,18.0,13.0,22.0,1.0,,76.0,group4,31,dataset_user_31_train.csv,,91.28771929824562,10.268057609845265,,133.0,58.0,90.0,5.0,8438.880701754386,,,90.0,95.0,101.0,,,5.220627063402626,3.742957746478873,,15.665271966527197,3.037576217562062,8.0,22.0,14.0,15.0,2.0,254.6276150627615,12.0,13.5,15.0,18.0,20.0,,,,,,,13.951080713020927,,86.0,,,10.5,,,,,,75.0,,,10.278085697154598,7.532374100719425
13,94,111.0,55.0,57.0,55.0,7.0,23.0,15.0,14.0,13.0,95.0,38.0,17580.0,0.0,0.0,5220.0,10380.0,1980.0,1260.0,2694.0,513.0,11475.0,,14.0,11.0,19.0,2.0,25.0,63.0,group4,4,dataset_user_4_train.csv,626.0,76.42332268370608,11.458274037212133,56.0,111.0,55.0,76.5,8.5,5971.816293929713,61.0,67.0,76.5,84.0,91.0,0.02066787532292829,-0.0192,5.467543448387036,3.6704,489.0,14.952965235173824,2.656903728807139,7.0,21.0,14.0,15.0,2.0,230.65030674846625,12.0,13.0,15.0,17.0,19.0,0.0008312688446594571,0.0020491803278688526,2.325463972222723,1.6290983606557377,298.0,37.37919463087248,20.14529030565287,7.0,85.0,78.0,34.0,17.0,1803.0369127516778,14.0,20.0,34.0,55.0,65.30000000000001,0.06016870008699597,-0.09427609427609428,11.217074567359258,7.185185185185185
13,85,116.0,59.0,62.0,62.0,9.0,23.0,15.0,14.0,13.0,96.0,36.0,31407.0,0.0,0.0,5940.0,18060.0,7440.0,420.0,2165.0,346.0,3652.0,,14.0,11.0,18.0,1.0,16.0,68.0,group4,40,dataset_user_40_train.csv,720.0,81.77638888888889,12.711379340482853,59.0,116.0,57.0,84.0,9.0,6848.956944444444,64.0,69.0,84.0,90.0,97.0,0.03999157341481498,0.01808066759388039,4.6664495042175345,3.1057023643949933,639.0,14.4037558685446,1.8554285223184148,,23.0,14.0,14.0,1.0,210.91079812206573,12.0,13.0,14.0,16.0,17.0,0.001713099916111087,0.0,2.324059792366646,1.652037617554859,396.0,36.19444444444444,21.40388592690977,5.0,95.0,90.0,38.0,20.0,1768.1641414141413,9.0,14.0,38.0,54.0,63.0,0.11862627164415895,-0.017721518987341773,10.667693562704395,7.253164556962025
14,76,133.0,51.0,53.0,57.0,8.0,24.0,15.0,15.0,16.0,93.0,29.0,23880.0,0.0,0.0,7080.0,12540.0,4260.0,960.0,3008.0,578.0,8073.0,,15.0,11.0,21.0,1.0,12.0,59.0,group4,22,dataset_user_22_train.csv,713.0,72.35203366058906,12.970710318203654,51.0,133.0,82.0,71.0,9.0,5403.0561009817675,57.0,62.0,71.0,80.0,88.0,0.0399106693436156,0.0014044943820224719,5.744929199784938,3.7542134831460676,640.0,14.75625,2.755668872978029,8.0,23.0,15.0,15.0,2.0,225.340625,12.0,13.0,15.0,16.0,18.0,0.003986124233701743,0.003129890453834116,2.2780141738458766,1.649452269170579,412.0,29.385922330097088,20.123263257963583,1.0,88.0,87.0,25.0,15.5,1268.4781553398059,5.0,14.0,25.0,44.25,58.900000000000034,0.12439876983645574,-0.0072992700729927005,10.67582234445613,6.746958637469587
14,66,118.0,67.0,71.0,76.0,7.0,23.0,16.0,18.0,18.0,95.0,30.0,26280.0,2280.0,540.0,6180.0,16080.0,4020.0,1260.0,2247.0,504.0,9555.0,,,,,,,,group4,31,dataset_user_31_train.csv,634.0,84.55993690851734,11.755139985740175,67.0,118.0,51.0,81.0,7.0,7288.566246056782,72.0,75.0,81.0,92.0,102.70000000000005,0.03357617248222969,,4.835664035953419,3.126382306477093,532.0,16.87406015037594,2.5797658393458147,8.0,22.0,14.0,17.0,2.0,291.3890977443609,13.100000000000001,16.0,17.0,19.0,20.0,-0.005770898451649525,0.0018832391713747645,2.4220417982030398,1.7608286252354048,288.0,29.854166666666668,13.302291338754806,4.0,88.0,84.0,25.0,8.0,1068.2222222222222,14.0,21.75,25.0,38.25,47.0,0.021170663387306138,-0.04529616724738676,9.579742555047904,6.080139372822299
14,78,184.0,50.0,51.0,54.0,6.0,23.0,15.0,13.0,13.0,99.0,24.0,31020.0,0.0,0.0,3960.0,18000.0,9060.0,180.0,3340.0,1159.0,12809.0,,13.0,9.0,18.0,0.0,9.0,57.0,group4,4,dataset_user_4_train.csv,720.0,75.72638888888889,22.489228860449046,50.0,184.0,134.0,71.0,14.0,6240.251388888889,54.0,58.0,71.0,88.0,99.10000000000002,0.0783280992697388,0.03337969401947149,6.431753512909641,4.152990264255911,534.0,13.897003745318353,2.4484709001843665,8.0,21.0,13.0,14.0,2.0,199.12172284644194,11.0,12.0,14.0,15.0,17.0,0.005314791344506309,0.0,2.3123779821771757,1.6172607879924954,334.0,24.323353293413174,23.24866088760384,1.0,98.0,97.0,15.5,9.5,1132.125748502994,3.0,7.0,15.5,34.0,64.0,0.16039079565757552,0.057057057057057055,10.006891906750123,6.357357357357357
14,71,158.0,57.0,60.0,62.0,7.0,22.0,14.0,13.0,13.0,100.0,39.0,26940.0,0.0,0.0,4080.0,16380.0,6480.0,60.0,3108.0,1289.0,7542.0,,13.0,10.0,17.0,0.0,22.0,67.0,group4,40,dataset_user_40_train.csv,679.0,88.8262150220913,20.48899605426398,57.0,158.0,101.0,88.0,18.0,8309.895434462445,63.0,68.0,88.0,105.0,117.0,0.06683263580041997,-0.02064896755162242,5.491171637321359,3.663716814159292,580.0,13.99655172413793,1.9289058464751443,,20.0,13.0,14.0,1.0,199.62413793103448,12.0,13.0,14.0,15.0,16.0,0.0010202785669849565,0.0069084628670120895,2.1409617898046047,1.5129533678756477,342.0,39.02046783625731,28.614847939280523,2.0,97.0,95.0,29.5,21.5,2341.406432748538,7.0,13.0,29.5,64.0,80.90000000000003,0.2046790625495452,0.07038123167155426,11.416958992682167,7.348973607038123
15,83,138.0,56.0,58.0,58.0,9.0,25.0,17.0,16.0,16.0,97.0,38.0,24120.0,1860.0,0.0,6900.0,12000.0,5220.0,,2951.0,521.0,5052.0,,16.0,12.0,22.0,1.0,21.0,64.0,group4,22,dataset_user_22_train.csv,,78.17504051863857,13.113956069737558,56.0,138.0,82.0,78.0,10.0,6283.312803889789,62.0,66.0,78.0,87.0,97.0,0.034787072536281834,0.016233766233766232,5.208297211321302,3.1266233766233764,539.0,16.58256029684601,2.682685521663948,9.0,23.0,14.0,16.0,2.0,282.178107606679,13.0,15.0,16.0,18.5,20.0,0.0013401598106855678,-0.0018587360594795538,2.519440451414349,1.7973977695167287,,37.47839506172839,19.336274422320457,3.0,92.0,89.0,32.0,14.0,1778.5216049382716,17.0,22.0,32.0,50.5,63.69999999999999,0.0881015762130313,0.04024767801857585,10.84544914336507,7.2972136222910216
15,66,121.0,69.0,69.0,73.0,7.0,23.0,16.0,18.0,18.0,96.0,28.0,,0.0,0.0,2700.0,12660.0,3960.0,1440.0,2054.0,311.0,8770.0,,18.0,13.0,20.0,1.0,17.0,74.0,group4,31,dataset_user_31_train.csv,710.0,82.76901408450705,8.414618258508305,69.0,121.0,52.0,83.0,7.0,6921.515492957747,72.0,76.0,83.0,89.0,93.0,0.022628284869932073,0.007052186177715092,5.048001565097402,3.2002820874471087,598.0,16.50334448160535,2.71730897739967,7.0,22.0,15.0,17.0,2.0,279.74414715719064,12.0,15.0,17.0,18.0,20.0,-0.003426577839252375,0.0,2.561145053799114,1.8425460636515913,383.0,28.093994778067884,14.774246892752759,7.0,80.0,73.0,22.0,7.0,1007.5509138381201,14.0,17.0,22.0,37.0,52.0,0.08823779441718045,0.02356020942408377,9.37591712206772,6.227748691099476
15,84,162.0,54.0,55.0,53.0,8.0,24.0,15.0,13.0,13.0,92.0,35.0,22800.0,0.0,0.0,4860.0,13800.0,4140.0,360.0,3068.0,887.0,8928.0,,13.0,9.0,18.0,0.0,14.0,60.0,group4,4,dataset_user_4_train.csv,720.0,77.1375,15.553821765976933,54.0,162.0,108.0,76.0,9.0,6192.115277777778,58.0,66.0,76.0,84.0,95.0,0.027387896838792766,-0.02642559109874826,5.993099638223158,3.7899860917941584,541.0,14.404805914972274,2.6767802494640183,8.0,23.0,15.0,14.0,2.0,214.66358595194086,11.0,12.0,14.0,16.0,18.0,0.0003514970454695306,-0.011111111111111112,2.3301300763776056,1.7296296296296296,344.0,34.69476744186046,19.701917521289246,3.0,87.0,84.0,34.0,16.0,1591.8924418604652,10.0,17.0,34.0,50.0,61.0,0.10579243397488995,-0.15743440233236153,11.347865359978687,7.714285714285714
15,87,141.0,61.0,62.0,62.0,7.0,22.0,14.0,13.0,13.0,98.0,45.0,,0.0,0.0,4320.0,14160.0,2280.0,,3016.0,1197.0,7728.0,,13.0,9.0,18.0,2.0,18.0,69.0,group4,40,dataset_user_40_train.csv,720.0,91.15,16.9754643202738,61.0,141.0,80.0,,11.0,8596.488888888889,65.0,,,102.0,112.0,0.04917740324859166,-0.02086230876216968,6.0030922798042194,,637.0,13.442700156985872,1.9584212379513763,8.0,20.0,12.0,13.0,1.0,184.54160125588697,11.0,12.0,13.0,15.0,16.0,-0.0005792608729684665,0.0015723270440251573,2.3847650714539284,1.7311320754716981,371.0,45.36927223719677,24.645760350290395,3.0,97.0,94.0,,20.0,2665.7843665768196,12.0,19.0,,64.0,78.0,0.13755584120769757,-0.04864864864864865,,
16,92,106.0,59.0,74.0,,8.0,22.0,15.0,,15.0,,39.0,,,,,,,,1504.0,15.0,121.0,,15.0,12.0,19.0,0.0,12.0,85.0,group4,13,dataset_user_13_train.csv,,80.19285714285714,7.105225872122403,59.0,106.0,47.0,79.0,4.0,6481.378571428571,73.0,76.0,79.0,83.0,90.10000000000001,-0.07100872493494566,-0.03597122302158273,5.853622222305949,4.0071942446043165,,15.184615384615384,2.7337903115373754,9.0,20.0,11.0,15.0,2.0,238.04615384615386,11.9,13.0,15.0,17.0,19.0,,,,,,38.15277777777778,18.3920723578743,3.0,88.0,85.0,35.0,12.0,1793.9027777777778,18.0,23.0,35.0,49.0,63.699999999999996,,-0.08450704225352113,14.865354824314394,10.985915492957746
16,75,120.0,53.0,55.0,57.0,8.0,22.0,15.0,16.0,15.0,96.0,32.0,24300.0,0.0,0.0,6240.0,11340.0,6720.0,0.0,3020.0,590.0,7218.0,,16.0,13.0,20.0,0.0,13.0,60.0,group4,22,dataset_user_22_train.csv,715.0,74.98461538461538,12.992888359752579,53.0,120.0,67.0,75.0,9.0,5791.507692307692,57.0,65.0,75.0,82.0,93.0,0.03420634574101549,-0.014005602240896359,5.923633994217368,3.820728291316527,642.0,15.37227414330218,2.338232444677794,8.0,21.0,13.0,15.0,2.0,241.77414330218068,12.0,14.0,15.0,17.0,18.0,-0.0023085640217515796,-0.0015600624024961,2.330359369130483,1.673946957878315,407.0,32.076167076167074,19.542220331392365,1.0,87.0,86.0,28.0,13.0,1410.7788697788699,6.600000000000001,18.0,28.0,44.5,58.0,0.0875886489476753,-0.07389162561576355,11.62697975633676,7.285714285714286
16,46,140.0,66.0,69.0,72.0,8.0,24.0,16.0,18.0,19.0,96.0,35.0,21060.0,0.0,0.0,3300.0,13680.0,4080.0,2640.0,2447.0,704.0,10068.0,,18.0,13.0,21.0,,18.0,73.0,group4,31,dataset_user_31_train.csv,698.0,86.76790830945559,14.987119644003798,66.0,140.0,74.0,84.0,9.0,7753.283667621777,71.0,75.0,84.0,94.0,106.0,0.036524010422466065,,5.6249563812940115,3.6642754662840744,580.0,16.324137931034482,2.853026846679081,8.0,24.0,16.0,17.0,2.0,274.61724137931037,12.0,14.0,17.0,18.0,20.0,-0.004263840630138409,-0.0051813471502590676,2.5823181322263777,1.849740932642487,381.0,34.4750656167979,19.670048184978324,5.0,96.0,91.0,25.0,9.0,1575.4409448818897,16.0,20.0,25.0,49.0,65.0,0.12213099637001147,,10.928613742737463,7.042105263157895
16,90,145.0,52.0,54.0,53.0,7.0,23.0,15.0,13.0,13.0,99.0,25.0,26400.0,0.0,0.0,4200.0,16680.0,5520.0,480.0,3502.0,1321.0,9997.0,,13.0,10.0,20.0,0.0,15.0,59.0,group4,4,dataset_user_4_train.csv,720.0,77.45416666666667,19.60564287746997,52.0,145.0,93.0,73.0,13.0,6383.529166666666,57.0,62.0,73.0,87.0,106.0,0.06295220155388674,0.009735744089012517,5.977813854890047,3.9235048678720443,524.0,13.896946564885496,2.329873663360532,8.0,21.0,13.0,13.0,1.0,198.55343511450383,11.0,12.0,13.0,16.0,17.0,0.0033683701320500175,-0.0038240917782026767,2.2028976015378627,1.5487571701720841,312.0,24.673076923076923,19.297656115657816,2.0,94.0,92.0,20.0,9.0,981.1602564102565,5.0,11.0,20.0,29.25,55.900000000000034,0.15253279640035752,0.06109324758842444,10.192652171556738,6.016077170418006
16,77,166.0,59.0,60.0,62.0,7.0,21.0,14.0,13.0,14.0,99.0,37.0,28260.0,0.0,1620.0,5580.0,14760.0,7920.0,480.0,2967.0,1148.0,7600.0,,13.0,8.0,20.0,1.0,20.0,66.0,group4,40,dataset_user_40_train.csv,720.0,87.21666666666667,19.261944346301078,59.0,166.0,107.0,88.0,17.0,7977.769444444444,64.0,67.0,88.0,101.0,112.0,0.062128174115562214,0.009735744089012517,6.002425547022976,3.920723226703755,609.0,13.587848932676518,2.1524607226912984,8.0,20.0,12.0,13.0,1.0,189.26272577996716,11.0,12.0,13.0,15.0,17.0,0.0038710753707332213,0.001644736842105263,2.361630776903889,1.7549342105263157,349.0,36.9512893982808,28.610924833486656,1.0,98.0,97.0,29.0,22.0,2183.9828080229227,7.0,9.0,29.0,62.0,79.0,0.23421118748853162,0.07471264367816093,10.273844912458161,6.775862068965517
17,39,139.0,54.0,61.0,68.0,7.0,23.0,14.0,15.0,16.0,99.0,35.0,29460.0,0.0,0.0,4740.0,19020.0,5700.0,300.0,2043.0,554.0,7189.0,,,,,,,,group4,13,dataset_user_13_train.csv,703.0,80.74395448079659,16.36270573980273,54.0,139.0,85.0,79.0,13.0,6787.324324324324,62.0,66.0,79.0,92.0,105.0,0.04247009016745859,0.037037037037037035,5.97895609677603,3.7122507122507122,572.0,14.835664335664335,2.401395444972287,8.0,21.0,13.0,15.0,2.0,225.86363636363637,12.0,13.0,15.0,17.0,18.0,-0.005740932946808558,0.0070052539404553416,2.2049029822405424,1.4746059544658494,373.0,35.10455764075067,,1.0,99.0,98.0,24.0,20.0,2194.734584450402,3.0,7.0,24.0,62.0,82.80000000000001,0.195997421241735,0.18548387096774194,12.02754473251921,6.889784946236559
17,80,153.0,57.0,59.0,57.0,8.0,24.0,15.0,15.0,15.0,90.0,24.0,,0.0,0.0,5460.0,11400.0,5520.0,300.0,3159.0,729.0,7064.0,,15.0,10.0,23.0,0.0,22.0,61.0,group4,22,dataset_user_22_train.csv,716.0,73.07960893854748,14.53249404222463,57.0,153.0,96.0,70.0,6.0,5551.822625698324,60.0,64.0,70.0,76.0,89.5,0.03783832866135758,-0.004195804195804196,6.813908791919495,3.9426573426573426,653.0,15.381316998468606,2.2905532301443086,9.0,23.0,14.0,15.0,1.0,241.83154670750383,12.0,14.0,15.0,17.0,18.0,0.0014703257264724397,0.004601226993865031,2.2288495327753943,1.633435582822086,403.0,23.838709677419356,11.524546693854788,5.0,82.0,77.0,21.0,4.0,701.0992555831266,14.0,17.0,21.0,26.0,37.0,0.0525418750533992,-0.017412935323383085,8.877115487406261,5.385572139303482
17,82,132.0,65.0,72.0,72.0,7.0,23.0,16.0,19.0,19.0,96.0,32.0,,6420.0,0.0,4980.0,14400.0,360.0,,2302.0,559.0,8522.0,,19.0,14.0,22.0,,,,group4,31,dataset_user_31_train.csv,720.0,86.05555555555556,11.082880803905645,65.0,132.0,67.0,83.0,5.0,7528.388888888889,75.0,79.0,83.0,90.0,101.10000000000002,-0.012333099922389252,-0.008344923504867872,4.787842439985232,3.196105702364395,584.0,16.958904109589042,2.9145988523735276,7.0,22.0,15.0,18.0,1.0,296.0993150684931,13.0,15.0,18.0,19.0,20.0,-0.0055751864229507,0.003430531732418525,2.1915137820324033,1.516295025728988,388.0,31.72422680412371,13.595926113229469,7.0,91.0,84.0,27.0,7.0,1191.2757731958764,18.0,23.0,27.0,40.0,52.30000000000001,-0.04722338125675775,-0.059431524547803614,9.47997114483002,6.069767441860465
17,82,105.0,54.0,56.0,54.0,7.0,23.0,15.0,13.0,13.0,96.0,26.0,28980.0,6060.0,0.0,4260.0,16920.0,7800.0,360.0,2399.0,218.0,3378.0,,13.0,10.0,19.0,0.0,16.0,60.0,group4,4,dataset_user_4_train.csv,719.0,70.73574408901251,11.332243275677023,54.0,105.0,51.0,70.0,8.0,5131.965229485397,57.0,62.0,70.0,77.0,87.0,0.03268037729075381,-0.04178272980501393,5.023170063853913,3.3537604456824512,630.0,14.325396825396826,2.302618816469234,9.0,22.0,13.0,14.0,2.0,210.51904761904763,12.0,13.0,14.0,16.0,17.0,0.0025215722987700236,0.00794912559618442,2.1072062949390773,1.5532591414944357,396.0,25.275252525252526,16.85896619303352,2.0,93.0,91.0,23.0,10.0,923.0631313131313,6.0,13.0,23.0,33.0,47.0,0.08132908976897116,-0.010126582278481013,11.106385378983955,6.460759493670886
17,82,137.0,63.0,64.0,62.0,8.0,20.0,14.0,14.0,14.0,99.0,33.0,26400.0,0.0,0.0,5820.0,16800.0,3780.0,0.0,2399.0,580.0,7962.0,,14.0,10.0,18.0,0.0,25.0,70.0,group4,40,dataset_user_40_train.csv,720.0,83.60555555555555,13.312378209029628,63.0,137.0,74.0,83.0,10.0,7167.108333333334,67.9,72.0,83.0,92.0,101.0,0.032133742541941644,-0.031988873435326845,6.219475027588048,,618.0,13.93042071197411,1.902139865771213,8.0,20.0,12.0,14.0,1.0,197.6747572815534,11.0,13.0,14.0,15.0,16.0,0.0008069282709326685,0.0016207455429497568,2.1382517508107295,1.5640194489465153,380.0,32.98157894736842,18.375245866785566,4.0,88.0,84.0,28.0,13.0,1425.4342105263158,13.0,17.0,28.0,48.0,58.0,0.07458030216713121,-0.09498680738786279,11.942317440269,7.440633245382585
18,93,128.0,62.0,66.0,67.0,8.0,23.0,15.0,16.0,15.0,99.0,47.0,18060.0,2100.0,,3120.0,14160.0,780.0,1080.0,2029.0,540.0,7025.0,,16.0,10.0,22.0,1.0,57.0,,group4,13,dataset_user_13_train.csv,720.0,86.24583333333334,12.472385469730943,62.0,128.0,66.0,85.0,8.0,7593.904166666666,71.0,77.0,85.0,93.0,104.0,0.016530719259360713,-0.013908205841446454,5.640833261661921,3.8386648122392213,602.0,15.03156146179402,2.6944018290377767,8.0,22.0,14.0,15.0,2.0,233.2076411960133,11.100000000000001,13.0,15.0,17.0,19.0,-0.004368267066500545,0.0016638935108153079,2.380242558182781,1.735440931780366,372.0,46.48118279569893,22.860661866328055,5.0,94.0,89.0,45.0,20.0,2683.1102150537636,18.0,25.0,45.0,67.0,78.0,-0.029345041216837897,-0.04851752021563342,12.136812936701082,8.415094339622641
18,86,132.0,54.0,57.0,56.0,6.0,24.0,15.0,15.0,15.0,94.0,24.0,24420.0,0.0,0.0,5160.0,12240.0,7020.0,60.0,2821.0,391.0,4903.0,,15.0,12.0,18.0,0.0,19.0,63.0,group4,22,dataset_user_22_train.csv,717.0,70.1673640167364,11.29544386234592,54.0,132.0,78.0,67.0,6.0,5051.046025104602,59.60000000000001,62.0,67.0,75.0,85.0,0.017583496279132062,0.006983240223463687,6.173805392305906,3.4706703910614527,677.0,14.745937961595274,2.656143440304339,7.0,23.0,16.0,14.0,2.0,224.49778434268833,11.0,13.0,14.0,16.0,18.0,0.0010637212539047912,0.004437869822485207,2.4370739458903325,1.767751479289941,434.0,24.331797235023043,15.995551023028714,2.0,94.0,92.0,21.0,7.0,847.8940092165899,8.300000000000004,15.0,21.0,29.0,45.0,0.0447835106935416,0.03695150115473441,8.355193483285973,5.274826789838337
18,87,113.0,64.0,68.0,72.0,9.0,24.0,17.0,19.0,18.0,94.0,23.0,,0.0,0.0,4860.0,,5220.0,300.0,1796.0,53.0,443.0,,19.0,14.0,21.0,0.0,21.0,74.0,group4,31,dataset_user_31_train.csv,720.0,77.34166666666667,6.778637809734014,64.0,113.0,49.0,76.0,4.0,6027.683333333333,70.0,73.0,76.0,80.0,86.0,0.010046830080047737,0.008344923504867872,4.344348707124525,2.659248956884562,700.0,17.664285714285715,2.1771892570983558,10.0,22.0,,18.0,1.0,316.76714285714286,,,18.0,19.0,20.0,-0.0029228806006309635,0.004291845493562232,2.0844087494327397,1.4778254649499285,460.0,23.47826086956522,9.514609202682639,6.0,86.0,80.0,22.0,4.0,641.7565217391304,15.0,18.0,22.0,25.0,34.0,0.016478256554594554,0.002178649237472767,,4.198257080610022
18,36,178.0,52.0,54.0,54.0,6.0,21.0,14.0,13.0,13.0,99.0,35.0,24093.0,0.0,0.0,3660.0,13440.0,7020.0,540.0,,,14254.0,,13.0,8.0,18.0,0.0,12.0,59.0,group4,4,dataset_user_4_train.csv,710.0,85.67323943661972,24.7545753787478,52.0,178.0,126.0,,,7952.692957746479,56.0,63.0,,,110.0,0.08248329490610626,0.04090267983074753,5.928084983264667,3.849083215796897,499.0,13.480961923847696,2.1359454117924974,8.0,21.0,13.0,13.0,1.0,186.29859719438878,11.0,12.0,13.0,15.0,16.0,-0.0002832653258323873,-0.004016064257028112,2.306787595724871,1.6305220883534137,273.0,34.6007326007326,,1.0,97.0,96.0,19.0,12.0,2248.1172161172162,5.0,10.0,19.0,72.0,,,,9.746871309522582,
18,91,121.0,58.0,60.0,61.0,7.0,22.0,14.0,14.0,14.0,97.0,39.0,30930.0,0.0,0.0,6660.0,16920.0,7380.0,,2263.0,444.0,740.0,,14.0,10.0,22.0,2.0,22.0,69.0,group4,40,dataset_user_40_train.csv,,82.67150635208712,15.8637313435732,58.0,121.0,63.0,82.0,15.0,7086.235934664247,62.0,67.5,82.0,97.0,103.0,0.07927497973501288,,4.754919157919208,3.2181818181818183,,14.089668615984406,1.9173341038074796,,22.0,13.0,14.0,1.0,202.19493177387915,12.0,13.0,14.0,15.0,16.0,-0.0005617562063394543,-0.00390625,2.2088211768296087,1.62109375,330.0,39.13333333333333,27.384586094289535,2.0,91.0,89.0,34.0,24.0,2281.3333333333335,8.899999999999999,14.0,34.0,67.0,76.0,0.23599916185890346,,10.033146900790706,6.9787234042553195
19,52,130.0,55.0,58.0,65.0,8.0,23.0,14.0,15.0,15.0,99.0,25.0,39701.0,0.0,0.0,6540.0,22800.0,10380.0,1140.0,1879.0,390.0,6656.0,,15.0,9.0,20.0,1.0,13.0,67.0,group4,13,dataset_user_13_train.csv,720.0,76.58472222222223,16.218423677703893,55.0,130.0,75.0,72.0,10.0,6128.256944444444,60.0,64.0,72.0,87.0,99.0,0.03701506947351365,-0.004172461752433936,5.026354394742815,3.2948539638386647,617.0,14.80713128038898,2.04648119646031,8.0,21.0,13.0,15.0,1.0,223.4392220421394,12.0,14.0,15.0,16.0,17.0,-0.0027315212835503627,0.0,1.9959374323275352,1.3344155844155845,397.0,24.173803526448363,23.591133519763147,1.0,98.0,97.0,17.0,12.0,1140.9143576826195,2.0,6.0,17.0,33.0,64.0,0.049603793335044034,0.09090909090909091,10.047202645101548,5.898989898989899
19,78,103.0,50.0,51.0,55.0,7.0,22.0,14.0,15.0,15.0,91.0,27.0,24720.0,0.0,0.0,5880.0,12540.0,6300.0,540.0,2569.0,139.0,2994.0,,15.0,10.0,20.0,0.0,10.0,58.0,group4,22,dataset_user_22_train.csv,700.0,68.97857142857143,10.30150325863925,50.0,103.0,53.0,69.0,7.0,4864.164285714286,55.0,61.0,69.0,75.0,83.0,0.031154844922424048,0.004291845493562232,4.497493678841701,3.1087267525035767,661.0,14.543116490166415,2.0618357565247285,9.0,21.0,12.0,15.0,1.0,215.75340393343419,12.0,13.0,15.0,16.0,17.0,-0.0028082424862914,-0.0015151515151515152,2.1479371657365234,1.6015151515151516,425.0,27.12,18.756324737193555,1.0,89.0,88.0,24.0,10.0,1087.2941176470588,5.0,15.0,24.0,35.0,55.0,0.08977521064232231,-0.009433962264150943,7.961576693921009,5.438679245283019
19,87,103.0,61.0,65.0,71.0,9.0,24.0,17.0,18.0,18.0,,22.0,26520.0,0.0,0.0,4560.0,17100.0,4860.0,60.0,1782.0,39.0,546.0,,18.0,13.0,20.0,0.0,15.0,68.0,group4,31,dataset_user_31_train.csv,720.0,74.63888888888889,7.0645939482974525,61.0,103.0,42.0,74.0,5.0,5620.872222222222,67.0,69.0,74.0,79.0,84.0,0.0049170298039412355,-0.015299026425591099,4.787680021375523,2.941585535465925,708.0,17.269774011299436,2.4705820478469835,9.0,23.0,14.0,18.0,1.0,304.34887005649716,14.0,16.0,18.0,19.0,20.0,-0.002056584727994036,0.0,2.250255368189367,1.6067892503536068,462.0,21.727272727272727,9.457999701990335,2.0,,,20.0,5.0,561.5281385281386,11.0,16.0,20.0,25.75,34.0,0.007410719647710322,-0.0368763557483731,,4.648590021691974
19,82,117.0,59.0,60.0,55.0,7.0,23.0,15.0,13.0,13.0,95.0,42.0,,0.0,0.0,2280.0,8640.0,,60.0,2432.0,251.0,2613.0,,13.0,10.0,16.0,0.0,11.0,64.0,group4,4,dataset_user_4_train.csv,692.0,77.75,10.359000303274298,59.0,117.0,58.0,77.0,5.0,6152.371387283237,62.0,72.0,77.0,83.0,92.0,-0.010662739300133376,-0.017366136034732273,4.6438717700267,3.0680173661360346,600.0,,2.5556989694058694,9.0,23.0,14.0,15.0,2.0,,12.0,13.75,15.0,17.0,19.0,,-0.01001669449081803,2.307691971815793,1.6360601001669448,387.0,41.4702842377261,22.075417377118587,6.0,94.0,88.0,40.0,18.0,2207.108527131783,11.0,23.0,40.0,58.0,70.0,,,9.917455773444551,6.253886010362694
19,91,115.0,60.0,62.0,61.0,7.0,,15.0,14.0,14.0,98.0,34.0,29160.0,0.0,0.0,5100.0,17160.0,6900.0,720.0,2256.0,437.0,2755.0,,14.0,11.0,19.0,1.0,15.0,68.0,group4,40,dataset_user_40_train.csv,720.0,81.43472222222222,13.083223563469684,60.0,115.0,55.0,80.0,10.0,6802.784722222223,65.0,71.0,80.0,91.0,100.0,0.019655017981644766,-0.04728789986091794,5.09825465940945,3.376912378303199,659.0,14.352048558421851,2.021254562579089,8.0,24.0,16.0,14.0,1.0,210.06676783004553,12.0,13.0,14.0,15.0,17.0,0.0019957474482383275,0.004559270516717325,2.1462437400667613,1.5303951367781155,415.0,33.665060240963854,22.806067855298235,2.0,94.0,92.0,25.0,13.0,1653.4530120481927,9.0,18.0,25.0,46.0,73.0,0.053546963774831764,,9.690142411237163,6.205314009661835
20,41,113.0,56.0,58.0,63.0,7.0,24.0,16.0,15.0,15.0,96.0,32.0,16920.0,0.0,0.0,300.0,12180.0,4440.0,240.0,1557.0,68.0,821.0,,15.0,9.0,21.0,0.0,17.0,71.0,group4,13,dataset_user_13_train.csv,704.0,75.99431818181819,9.811285917417033,56.0,113.0,57.0,76.0,6.0,5871.397727272727,63.0,69.0,76.0,82.0,89.0,-0.0065130512778889035,-0.012802275960170697,5.521828502727768,3.4551920341394027,682.0,,2.912203601495789,7.0,22.0,15.0,16.0,2.0,,12.0,14.0,16.0,18.0,20.0,-0.0015726045485915466,0.0,2.415077456095918,1.6798825256975036,449.0,31.398663697104677,20.44513758270024,1.0,91.0,90.0,28.0,12.0,1403.879732739421,5.0,17.0,28.0,42.0,62.0,-0.021589245943366208,-0.033482142857142856,10.950221965283026,7.020089285714286
20,79,140.0,51.0,54.0,55.0,8.0,23.0,15.0,15.0,16.0,87.0,28.0,24300.0,0.0,0.0,5640.0,14640.0,4020.0,0.0,2736.0,306.0,4259.0,,15.0,12.0,20.0,0.0,19.0,57.0,group4,22,dataset_user_22_train.csv,701.0,70.26961483594864,11.683659828337877,51.0,140.0,89.0,70.0,7.0,5074.32667617689,56.0,60.0,70.0,77.0,84.0,0.03770382098484809,-0.0014285714285714286,5.062607821981047,3.287142857142857,651.0,15.321044546850999,2.173680608595603,8.0,22.0,14.0,15.0,1.0,239.45929339477726,13.0,14.0,15.0,17.0,18.0,0.0014273318211572715,0.006153846153846154,2.1697129851364725,1.6276923076923078,414.0,28.043478260869566,17.516535830900693,2.0,85.0,83.0,25.0,13.0,1093.2657004830917,8.0,12.0,25.0,37.0,53.0,0.10061832761089626,0.04600484261501211,9.559818793807578,6.433414043583535
20,84,113.0,58.0,61.0,68.0,8.0,23.0,16.0,18.0,18.0,90.0,29.0,,0.0,0.0,5880.0,18180.0,7980.0,1380.0,1848.0,105.0,1408.0,,18.0,13.0,21.0,2.0,16.0,66.0,group4,31,dataset_user_31_train.csv,669.0,75.34977578475336,10.76978503756726,58.0,113.0,55.0,73.0,9.0,5793.576980568012,62.0,66.0,73.0,84.0,90.0,0.032006731467123975,0.0,4.743416490252569,3.0,628.0,16.883757961783438,2.467145366590473,8.0,22.0,14.0,17.0,2.0,291.1480891719745,13.0,15.0,17.0,19.0,20.0,-0.005288216790652161,,2.285764114325742,1.6555023923444976,418.0,28.720095693779903,18.674897512972578,1.0,84.0,83.0,24.5,11.0,1173.5956937799042,,15.0,24.5,38.75,60.30000000000001,0.08617919814951386,-0.007194244604316547,11.044598755595478,6.942446043165468
20,81,135.0,56.0,57.0,55.0,7.0,23.0,15.0,13.0,13.0,86.0,23.0,24540.0,0.0,0.0,3480.0,15960.0,5100.0,0.0,3043.0,862.0,5555.0,,13.0,10.0,18.0,0.0,10.0,60.0,group4,4,dataset_user_4_train.csv,698.0,75.2378223495702,16.23927997692673,56.0,135.0,79.0,72.0,10.0,5924.444126074499,58.0,63.0,72.0,82.0,98.0,0.059244239765980235,0.0028694404591104736,5.941367544117136,3.9540889526542324,546.0,14.36996336996337,2.2634487767472464,8.0,22.0,14.0,14.0,1.0,211.61904761904762,12.0,13.0,14.0,16.0,17.0,0.005434955497850689,-0.001834862385321101,2.2670346654968534,1.6238532110091743,340.0,22.791176470588237,15.553907540948915,3.0,79.0,76.0,20.0,10.0,761.3617647058824,6.0,11.0,20.0,30.0,45.10000000000002,0.11215642512682023,0.05014749262536873,9.627294576525728,6.268436578171092
20,93,163.0,57.0,60.0,61.0,7.0,21.0,15.0,14.0,15.0,98.0,29.0,28757.0,0.0,0.0,7620.0,15960.0,5220.0,840.0,2395.0,576.0,7288.0,,14.0,9.0,20.0,2.0,10.0,65.0,group4,40,dataset_user_40_train.csv,720.0,80.30555555555556,15.84792212886185,57.0,163.0,106.0,79.0,11.0,6700.138888888889,62.0,67.0,79.0,89.0,101.0,0.02910357980371619,-0.011126564673157162,5.731341619192387,3.443671766342142,643.0,14.729393468118197,1.9925656786155195,8.0,20.0,12.0,15.0,1.0,220.9253499222395,12.0,14.0,15.0,16.0,17.0,0.0017660078427648163,-0.001557632398753894,2.14468786710364,1.5591900311526479,389.0,28.71979434447301,20.529523388256372,1.0,97.0,96.0,24.0,14.0,1246.2879177377893,6.0,11.0,24.0,41.0,60.0,0.08113404100471124,-0.01804123711340206,10.596740613375676,6.131443298969073
21,88,172.0,54.0,56.0,62.0,6.0,22.0,14.0,15.0,15.0,99.0,37.0,13200.0,0.0,0.0,0.0,10200.0,3000.0,120.0,2088.0,599.0,10106.0,,15.0,11.0,19.0,0.0,13.0,62.0,group4,13,dataset_user_13_train.csv,720.0,79.91944444444445,18.24217213315899,54.0,172.0,118.0,80.0,14.0,6719.894444444444,58.0,63.0,80.0,91.0,102.0,0.06374237476023939,,6.5443143918036855,4.17941585535466,571.0,,2.287720903313938,6.0,21.0,15.0,14.0,2.0,202.70753064798598,11.0,13.0,14.0,16.0,17.0,0.001044793532580426,0.0,2.406132515928939,1.7157894736842105,355.0,36.95211267605634,,1.0,99.0,98.0,31.0,29.0,2349.6225352112674,2.0,4.0,31.0,67.0,79.0,0.24624954066428664,0.16101694915254236,12.722352547113527,7.754237288135593
21,77,115.0,54.0,56.0,56.0,8.0,24.0,15.0,16.0,17.0,96.0,37.0,24588.0,0.0,0.0,7440.0,12000.0,5160.0,60.0,2912.0,482.0,5936.0,,16.0,10.0,21.0,0.0,19.0,62.0,group4,22,dataset_user_22_train.csv,704.0,75.18039772727273,12.386306215332917,54.0,115.0,61.0,75.0,8.0,5805.512784090909,59.0,66.0,75.0,82.0,90.0,0.033256322723008054,0.012802275960170697,5.034007362661956,3.267425320056899,651.0,15.201228878648234,2.3334339511651496,8.0,23.0,15.0,15.0,1.0,236.52227342549924,12.0,14.0,15.0,17.0,18.0,-0.0014416851701633015,-0.0015384615384615385,2.4308904546208705,1.7861538461538462,411.0,36.10948905109489,19.944696835392598,3.0,94.0,91.0,31.0,13.0,1701.6861313868612,13.0,21.0,31.0,50.0,64.0,0.09158604859381453,,9.753941530058631,6.363414634146341
21,68,149.0,62.0,65.0,67.0,7.0,24.0,16.0,18.0,18.0,91.0,35.0,29760.0,0.0,0.0,4380.0,16860.0,8520.0,480.0,2408.0,665.0,8573.0,,18.0,15.0,21.0,0.0,23.0,70.0,group4,31,dataset_user_31_train.csv,720.0,84.77361111111111,16.25064522698129,62.0,149.0,87.0,81.0,10.0,7450.648611111111,68.0,72.0,81.0,93.0,106.0,0.045092663501794306,0.008344923504867872,4.710233573882199,3.062586926286509,600.0,17.155,2.4360435819856208,9.0,23.0,14.0,18.0,1.0,300.22833333333335,13.0,16.0,18.0,19.0,20.0,-0.002914646985130512,-0.001669449081803005,2.3217769699266264,1.64440734557596,389.0,35.27763496143959,17.077324178289675,9.0,83.0,74.0,27.0,7.0,1536.146529562982,19.0,23.0,27.0,49.0,63.0,0.0802386810973459,0.02577319587628866,9.662039424752265,5.958762886597938
21,75,177.0,55.0,57.0,56.0,8.0,22.0,15.0,13.0,14.0,97.0,31.0,25193.0,0.0,0.0,2280.0,17460.0,5460.0,120.0,3487.0,1306.0,13294.0,,13.0,9.0,19.0,0.0,13.0,62.0,group4,4,dataset_user_4_train.csv,717.0,79.6513249651325,19.88105604483465,55.0,177.0,122.0,77.0,12.0,6739.589958158996,58.0,64.0,77.0,88.0,104.39999999999998,0.05907661218674184,0.02653631284916201,6.98326969267525,4.384078212290503,529.0,14.071833648393195,2.391411191826951,9.0,22.0,13.0,14.0,2.0,203.73534971644614,11.0,12.0,14.0,16.0,18.0,0.0025294497206613336,0.001893939393939394,2.3584945225701865,1.691287878787879,327.0,30.70336391437309,20.79507015647027,3.0,90.0,87.0,26.0,15.0,1375.131498470948,7.0,13.0,26.0,45.5,61.0,0.133369346019683,0.08588957055214724,11.411918628580882,7.306748466257669
21,88,154.0,56.0,57.0,61.0,8.0,22.0,14.0,15.0,14.0,93.0,31.0,32100.0,0.0,0.0,4380.0,20160.0,7560.0,300.0,2476.0,657.0,10103.0,,15.0,10.0,18.0,0.0,13.0,65.0,group4,40,dataset_user_40_train.csv,692.0,80.74566473988439,16.82574913062345,56.0,154.0,98.0,81.0,13.5,6802.968208092486,61.0,65.0,81.0,91.0,100.0,0.04694038077841395,0.001447178002894356,6.335643153773465,3.92040520984081,575.0,14.361739130434783,2.0611344537159377,8.0,21.0,13.0,14.0,1.0,210.50782608695653,12.0,13.0,14.0,16.0,17.0,-0.001798086148563349,-0.003484320557491289,2.0104227680267024,1.480836236933798,349.0,31.32951289398281,23.54749550295887,1.0,90.0,89.0,22.0,14.0,1536.0229226361032,7.0,12.0,22.0,52.0,67.0,0.13536945812807882,0.011494252873563218,10.505328973795544,6.316091954022989
22,59,171.0,57.0,61.0,62.0,6.0,23.0,14.0,15.0,17.0,99.0,35.0,31080.0,0.0,,5700.0,18060.0,7320.0,60.0,2075.0,586.0,8325.0,,15.0,9.0,20.0,0.0,21.0,70.0,group4,13,dataset_user_13_train.csv,720.0,82.125,17.55431056591071,57.0,171.0,114.0,79.0,11.0,7052.669444444445,64.9,69.0,79.0,92.0,103.0,0.032103907093442186,-0.08762169680111266,6.058761840432762,3.767732962447844,558.0,14.32258064516129,2.408890151752383,6.0,21.0,15.0,14.0,2.0,210.9390681003584,11.0,13.0,14.0,16.0,17.0,-0.0038297103622680962,0.0,2.3923876882703254,1.666068222621185,320.0,34.565625,22.699437071420405,2.0,96.0,94.0,25.0,12.0,1710.046875,11.0,18.0,25.0,48.25,73.10000000000002,0.12007276682389477,0.11285266457680251,12.311772446123513,7.5423197492163006
22,84,112.0,53.0,56.0,55.0,7.0,25.0,15.0,17.0,15.0,96.0,25.0,24180.0,0.0,0.0,6540.0,13560.0,4080.0,840.0,2852.0,422.0,7337.0,,17.0,12.0,22.0,1.0,18.0,63.0,group4,22,dataset_user_22_train.csv,713.0,70.45722300140253,10.384808282277882,53.0,112.0,59.0,69.0,6.0,5072.064516129032,59.0,63.0,69.0,74.0,85.0,0.022181565946264407,-0.008426966292134831,5.487978363143299,3.4213483146067416,660.0,15.746969696969696,2.698693269476561,7.0,24.0,17.0,16.0,2.0,255.25,12.0,14.0,16.0,18.0,19.0,-0.0014170455771561376,0.006069802731411229,2.3739787264443057,1.7147192716236723,422.0,25.312796208530806,15.812790349167205,2.0,93.0,91.0,23.5,8.5,890.781990521327,8.0,14.0,23.5,31.75,43.0,0.06205456196965297,0.0166270783847981,8.340566180143139,5.2565320665083135
22,75,137.0,62.0,64.0,66.0,7.0,24.0,16.0,18.0,18.0,93.0,32.0,24780.0,0.0,0.0,4800.0,18060.0,1920.0,1020.0,2065.0,322.0,4172.0,,18.0,13.0,22.0,1.0,25.0,72.0,group4,31,dataset_user_31_train.csv,,82.4094616639478,11.678134859848594,62.0,137.0,75.0,82.0,8.0,6927.698205546492,68.0,72.0,82.0,89.0,95.0,0.031078979939133593,-0.016339869281045753,5.641211077458153,3.4607843137254903,534.0,16.668539325842698,2.650111813298698,7.0,23.0,16.0,17.0,2.0,284.8632958801498,13.0,15.0,17.0,19.0,20.0,-0.0056267052868349335,-0.001876172607879925,2.6293901460250946,1.8818011257035647,345.0,32.27536231884058,15.90122049638084,4.0,88.0,84.0,28.0,10.0,1294.5478260869565,17.0,19.0,28.0,41.0,54.0,0.062172919455045966,-0.05232558139534884,10.349567194008602,6.819767441860465
22,89,170.0,54.0,57.0,56.0,6.0,22.0,14.0,14.0,14.0,83.0,25.0,24420.0,0.0,0.0,3420.0,17280.0,3720.0,1320.0,2964.0,783.0,7645.0,,14.0,10.0,18.0,2.0,16.0,62.0,group4,4,dataset_user_4_train.csv,,75.38645418326693,18.02924957992516,54.0,170.0,116.0,71.0,11.0,6008.1713147410355,58.0,61.0,71.0,84.0,96.90000000000003,0.06774914603321691,-0.043912175648702596,6.770700340295331,4.375249500998004,378.0,14.068783068783068,2.098255536596101,7.0,22.0,15.0,14.0,1.0,202.33333333333334,12.0,13.0,14.0,15.0,17.0,-0.00199608315339368,-0.010610079575596816,,,244.0,24.99590163934426,18.03241570035266,3.0,78.0,75.0,19.0,9.0,949.9631147540983,7.0,12.0,19.0,35.0,56.0,0.1397622558434424,-0.012345679012345678,10.203477774529665,6.382716049382716
22,92,160.0,57.0,58.0,60.0,8.0,22.0,14.0,14.0,14.0,99.0,34.0,31920.0,0.0,0.0,7860.0,17880.0,6180.0,0.0,2528.0,709.0,5414.0,,14.0,11.0,18.0,0.0,19.0,63.0,group4,40,dataset_user_40_train.csv,720.0,81.52916666666667,18.49397001953159,57.0,160.0,103.0,83.0,16.0,6989.031944444445,60.0,63.0,83.0,92.0,106.0,0.07124301615808158,0.013908205841446454,5.497990645464031,3.3741307371349096,635.0,14.366929133858267,1.9235406624288869,,20.0,11.0,14.0,1.0,210.10866141732282,12.0,13.0,14.0,15.0,17.0,-0.0009609476751243246,0.0015772870662460567,2.133183231296689,1.5189274447949528,379.0,33.854881266490764,24.752016440320407,3.0,94.0,91.0,25.0,18.0,1758.8153034300792,7.0,11.5,25.0,55.0,69.19999999999999,0.16666710752254424,0.04497354497354497,10.515324600521213,6.579365079365079
23,60,160.0,50.0,66.0,61.0,7.0,22.0,14.0,17.0,16.0,99.0,47.0,26580.0,0.0,0.0,2520.0,20760.0,3300.0,840.0,2205.0,716.0,12124.0,,17.0,10.0,22.0,1.0,38.0,80.0,group4,13,dataset_user_13_train.csv,720.0,87.25138888888888,15.06114844609906,50.0,160.0,110.0,85.0,8.5,7839.643055555555,70.0,77.0,85.0,94.0,105.10000000000002,0.009686473803640313,-0.019471488178025034,,,589.0,15.256366723259763,2.6704344358250713,8.0,22.0,14.0,16.0,2.0,239.88794567062817,12.0,13.0,16.0,17.0,19.0,-0.008062490053141915,-0.00510204081632653,2.1669222875940948,1.522108843537415,358.0,46.572625698324025,24.036262858686115,1.0,94.0,93.0,46.0,22.0,2746.7513966480446,17.0,24.0,46.0,67.0,79.0,0.020291330300969298,-0.058823529411764705,14.40138538950074,9.319327731092438
23,77,130.0,52.0,55.0,55.0,8.0,24.0,15.0,15.0,16.0,93.0,28.0,25020.0,0.0,0.0,6780.0,13320.0,4920.0,0.0,2918.0,488.0,9207.0,,15.0,12.0,20.0,0.0,12.0,60.0,group4,22,dataset_user_22_train.csv,,71.78571428571429,13.398839933539987,52.0,130.0,78.0,69.0,9.0,5332.71768707483,58.0,61.0,69.0,79.0,89.30000000000007,0.028443328231238407,-0.0068143100511073255,5.781951113241193,3.6490630323679727,516.0,14.877906976744185,2.3630341730441775,8.0,23.0,15.0,15.0,2.0,226.9360465116279,12.0,13.0,15.0,16.0,18.0,-0.0021924689262304495,0.005825242718446602,2.312894426828442,1.6446601941747572,,27.801829268292682,20.234005946766388,1.0,86.0,85.0,24.0,13.0,1182.3567073170732,6.0,11.0,24.0,39.25,59.0,0.08564215762622757,-0.0030581039755351682,10.49610338967059,6.388379204892966
23,72,140.0,60.0,62.0,65.0,7.0,25.0,15.0,18.0,18.0,96.0,35.0,23333.0,0.0,0.0,6000.0,13800.0,3540.0,540.0,2487.0,744.0,11959.0,,18.0,12.0,22.0,1.0,23.0,69.0,group4,31,dataset_user_31_train.csv,720.0,85.525,15.16829432658062,60.0,140.0,80.0,85.0,10.0,7544.602777777778,67.0,73.0,85.0,93.25,108.0,0.025032037741842355,0.005563282336578581,6.13569072081676,3.808066759388039,587.0,16.12947189097104,2.9203393353404956,8.0,,,17.0,2.0,268.68824531516185,12.0,14.0,17.0,18.0,19.0,-0.004514533805102994,0.0034129692832764505,2.496411477081346,1.7098976109215016,372.0,35.09139784946237,19.771877257966207,4.0,93.0,89.0,27.0,12.0,1622.3333333333333,14.0,20.0,27.0,49.0,64.90000000000003,0.07171704150682318,0.029649595687331536,11.779267484220652,7.150943396226415
23,86,104.0,56.0,58.0,57.0,8.0,23.0,15.0,14.0,13.0,88.0,29.0,28020.0,0.0,0.0,5160.0,16140.0,6720.0,180.0,2518.0,337.0,5546.0,,14.0,9.0,20.0,0.0,19.0,62.0,group4,4,dataset_user_4_train.csv,674.0,72.71810089020771,10.389194852689526,56.0,104.0,48.0,72.0,8.0,5395.857566765579,60.0,63.0,72.0,79.0,88.0,0.030914423755725163,0.008915304606240713,5.405399659617841,3.5423476968796432,569.0,14.506151142355009,2.4816473888819783,8.0,22.0,14.0,14.0,2.0,216.58699472759227,11.0,13.0,14.0,16.0,18.0,0.003434881790977109,,2.28623306112908,1.7130281690140845,364.0,28.337912087912088,15.787691409329849,5.0,81.0,76.0,25.0,10.0,1052.2884615384614,11.0,16.0,25.0,37.0,49.0,0.0895113603706381,0.030303030303030304,9.422829476074046,6.355371900826446
23,82,144.0,60.0,61.0,60.0,7.0,23.0,15.0,14.0,15.0,99.0,35.0,30240.0,0.0,0.0,6960.0,16560.0,6720.0,60.0,2509.0,690.0,6335.0,,14.0,10.0,17.0,0.0,16.0,67.0,group4,40,dataset_user_40_train.csv,720.0,82.91527777777777,16.377484202762293,60.0,144.0,84.0,81.0,13.0,7143.165277777778,64.0,68.0,81.0,93.0,104.10000000000002,0.06187886486406546,0.012517385257301807,5.222036241581475,3.411682892906815,639.0,14.591549295774648,2.080686343289281,,22.0,13.0,15.0,1.0,217.24256651017214,12.0,13.0,15.0,16.0,17.0,0.0017647946193356581,0.0,2.021049108367385,1.4294670846394983,374.0,34.26737967914438,22.925901450216557,4.0,94.0,90.0,25.0,14.0,1699.850267379679,10.0,16.0,25.0,49.0,70.0,0.16269874267035597,0.12064343163538874,8.588846662122892,5.627345844504021
24,91,122.0,59.0,63.0,61.0,8.0,22.0,15.0,16.0,15.0,98.0,32.0,27060.0,0.0,,5340.0,14880.0,6840.0,60.0,1643.0,154.0,3481.0,,16.0,12.0,20.0,0.0,41.0,73.0,group4,13,dataset_user_13_train.csv,,77.54809160305344,10.141008510494876,59.0,122.0,63.0,76.0,7.0,6116.546564885496,67.0,69.0,76.0,84.0,90.0,-0.00861541509875495,-0.0290519877675841,5.751006827452682,3.573394495412844,564.0,15.150709219858156,2.2754431087106584,8.0,22.0,14.0,15.0,2.0,234.72163120567376,12.0,14.0,15.0,17.0,18.0,-0.0023530037360041975,0.0017761989342806395,2.3717543865215327,1.6181172291296626,364.0,31.587912087912088,18.215904988271156,3.0,,79.0,24.5,9.5,1329.6153846153845,15.0,18.0,24.5,43.0,62.69999999999999,-0.06803905932174928,-0.11570247933884298,10.454300457717954,6.650137741046832
24,76,154.0,57.0,59.0,55.0,8.0,25.0,15.0,16.0,15.0,,27.0,25020.0,0.0,0.0,7740.0,12120.0,5160.0,300.0,2911.0,481.0,5084.0,,16.0,,21.0,0.0,23.0,63.0,group4,22,dataset_user_22_train.csv,694.0,71.35878962536023,12.589143885902251,57.0,154.0,97.0,68.0,5.0,5250.563400576369,61.0,64.0,68.0,75.0,84.0,0.027180166118237557,0.005772005772005772,4.975260137640656,3.033189033189033,649.0,15.543913713405239,2.61057422417364,8.0,25.0,17.0,16.0,2.0,248.42835130970724,12.0,14.0,16.0,17.0,19.0,-0.0004834086190018392,0.0,2.3339946152888893,1.7098765432098766,410.0,26.63170731707317,12.028765097381994,,75.0,,24.0,5.0,853.939024390244,15.0,19.0,24.0,29.75,45.10000000000002,0.026068000868825995,-0.0024449877750611247,7.63228850102419,4.643031784841075
24,87,151.0,64.0,67.0,65.0,8.0,23.0,16.0,18.0,18.0,94.0,23.0,25380.0,0.0,0.0,7080.0,14100.0,4200.0,660.0,2125.0,382.0,7962.0,,18.0,15.0,20.0,1.0,27.0,71.0,group4,31,dataset_user_31_train.csv,720.0,78.44305555555556,11.183921077313638,64.0,151.0,87.0,75.0,5.0,6278.393055555555,69.0,71.0,75.0,83.0,91.10000000000002,0.008179687203614722,-0.004172461752433936,6.380929022595175,3.8623087621696803,633.0,16.339652448657187,2.5984485356304883,8.0,23.0,15.0,17.0,2.0,273.7361769352291,13.0,15.0,17.0,18.0,19.0,-0.0012593031928211447,0.0015822784810126582,2.3455446648648204,1.6724683544303798,401.0,23.034912718204488,9.99445123137444,6.0,93.0,87.0,21.0,4.0,630.4962593516209,15.0,17.0,21.0,24.0,35.0,0.006884095730822201,-0.01,8.779515931986229,4.715
24,84,140.0,64.0,64.0,60.0,8.0,23.0,15.0,15.0,14.0,96.0,37.0,30917.0,0.0,0.0,4560.0,19620.0,6780.0,1020.0,2198.0,379.0,4309.0,,15.0,11.0,20.0,1.0,22.0,71.0,group4,40,dataset_user_40_train.csv,720.0,82.375,12.038638604279326,64.0,140.0,76.0,82.5,8.0,6930.569444444444,68.0,72.0,82.5,89.0,95.0,0.035821539007598394,0.0,4.99986091600715,3.101529902642559,656.0,14.778963414634147,2.261471331683726,8.0,22.0,14.0,15.0,1.0,223.53201219512195,12.0,13.0,15.0,16.0,18.0,-0.0006072056171779957,-0.0030534351145038168,2.3023366468248354,1.7038167938931297,394.0,37.0736040609137,17.009915403555823,8.0,,,34.0,13.0,1663.7893401015228,17.0,23.0,34.0,50.0,61.69999999999999,0.08065116274507014,-0.005089058524173028,8.601436329236577,5.979643765903308
25,16,119.0,56.0,58.0,60.0,7.0,23.0,14.0,15.0,,98.0,32.0,32780.0,0.0,0.0,4680.0,20760.0,7380.0,1320.0,1773.0,284.0,1924.0,,15.0,12.0,19.0,1.0,12.0,66.0,group4,13,dataset_user_13_train.csv,703.0,76.67852062588905,14.905455752264613,56.0,119.0,63.0,74.0,11.0,6101.76813655761,59.0,63.0,74.0,87.0,100.0,0.034263503013503005,0.03418803418803419,5.1938462776179986,3.3105413105413106,651.0,14.751152073732719,2.393567492132357,8.0,22.0,14.0,15.0,1.0,223.32565284178187,12.0,13.0,15.0,16.0,18.0,-0.005760433906089953,-0.0015384615384615385,2.1792724479437773,1.4323076923076923,419.0,32.37470167064439,,1.0,97.0,96.0,22.0,17.0,1910.5322195704057,3.0,7.5,22.0,52.0,85.19999999999999,0.13869252214937433,0.13636363636363635,10.927909406731915,6.19377990430622
25,84,147.0,53.0,54.0,55.0,8.0,25.0,16.0,15.0,15.0,95.0,,,0.0,0.0,5160.0,12720.0,4560.0,0.0,3244.0,814.0,6291.0,,15.0,11.0,21.0,0.0,18.0,60.0,group4,22,dataset_user_22_train.csv,714.0,79.59243697478992,15.986881840431591,53.0,147.0,94.0,83.0,11.0,6590.536414565826,57.0,64.0,83.0,90.0,98.0,0.04743889062014629,0.0070126227208976155,6.206697388958281,3.603085553997195,632.0,15.64240506329114,2.8029097517455073,8.0,26.0,18.0,15.0,2.0,252.54113924050634,12.0,14.0,15.0,17.25,19.0,0.0037069770612462903,0.003169572107765452,2.5995225883936066,1.86053882725832,391.0,,26.433838111526704,3.0,94.0,91.0,,,,13.0,21.0,,,80.0,0.1514106646002883,0.023076923076923078,9.970828259155304,6.4282051282051285
25,78,142.0,66.0,67.0,64.0,8.0,24.0,16.0,18.0,17.0,99.0,28.0,30660.0,0.0,0.0,7680.0,15960.0,7020.0,180.0,2502.0,759.0,8827.0,,18.0,13.0,21.0,0.0,21.0,71.0,group4,31,dataset_user_31_train.csv,716.0,83.52513966480447,14.63849995205846,66.0,142.0,76.0,80.0,9.0,7190.734636871508,69.0,72.0,80.0,91.0,106.0,0.02293754024195108,-0.002797202797202797,5.529829396525493,3.5916083916083914,540.0,16.514814814814816,2.63975359451986,8.0,24.0,16.0,17.0,2.0,279.7074074074074,13.0,15.0,17.0,18.0,19.0,-0.0038844821522402706,-0.0018552875695732839,2.3799557785419605,1.7495361781076066,331.0,27.610271903323262,13.98669253983994,8.0,91.0,83.0,22.0,5.0,957.9546827794562,15.0,18.0,22.0,34.0,47.0,0.06380313894964644,-0.021212121212121213,9.728566420155039,6.015151515151516
25,45,165.0,59.0,61.0,58.0,8.0,23.0,15.0,,15.0,91.0,,,,,,,,,3102.0,921.0,10149.0,,,,,,,,group4,4,dataset_user_4_train.csv,,,16.317221923536465,59.0,165.0,106.0,,6.0,,,,,97.0,106.0,,-0.0165016501650165,7.453025055708614,5.1716171617161715,,14.573099415204679,,8.0,22.0,14.0,14.0,2.0,221.81286549707602,11.0,13.0,14.0,17.0,18.0,,-0.011764705882352941,,,,,13.006437783755961,,88.0,59.0,,9.0,,,,,,85.0,,0.14893617021276595,11.68737948788342,
25,72,146.0,61.0,64.0,61.0,7.0,22.0,14.0,14.0,14.0,96.0,43.0,29089.0,0.0,0.0,6480.0,17880.0,4740.0,720.0,2319.0,500.0,6831.0,,14.0,10.0,19.0,1.0,20.0,72.0,group4,40,dataset_user_40_train.csv,701.0,84.78316690442226,12.950748433115711,61.0,146.0,85.0,86.0,9.0,7355.90727532097,67.0,73.0,86.0,93.0,100.0,0.0391158279032744,0.007142857142857143,5.074159224613935,3.2814285714285716,585.0,14.205128205128204,2.27486624586038,,22.0,15.0,14.0,1.0,206.96068376068376,11.0,13.0,14.0,15.0,17.0,0.0011498241967174594,0.0017123287671232876,2.420304480898831,1.6797945205479452,366.0,42.91530054644809,23.483186306745555,5.0,91.0,86.0,47.5,22.5,2393.1830601092897,13.0,18.0,47.5,63.0,72.5,0.11066194850117882,0.1095890410958904,10.409639426118357,7.2
26,83,141.0,64.0,65.0,61.0,7.0,,16.0,,14.0,99.0,,1920.0,1980.0,0.0,1320.0,600.0,0.0,0.0,2274.0,785.0,4242.0,,,,,0.0,58.0,85.0,group4,13,dataset_user_13_train.csv,715.0,,14.617481430209228,64.0,141.0,77.0,,8.0,8401.262937062937,74.0,81.0,,99.0,112.0,-0.031206552238428678,-0.0392156862745098,5.902202736602295,3.910364145658263,647.0,15.567233384853168,3.076265361536403,7.0,,17.0,16.0,2.0,251.80216383307572,11.0,13.0,16.0,18.0,19.0,0.0017863576823482265,0.007739938080495356,2.5916516663341125,1.9489164086687307,385.0,,24.22186063530618,,99.0,88.0,,20.0,,22.0,35.0,,77.0,88.0,-0.11846885303815355,-0.171875,13.156178864613704,8.78125
26,82,152.0,53.0,54.0,55.0,8.0,23.0,17.0,15.0,15.0,99.0,31.0,25680.0,0.0,0.0,4560.0,,5100.0,480.0,3258.0,828.0,6539.0,,15.0,12.0,22.0,0.0,13.0,58.0,group4,22,dataset_user_22_train.csv,700.0,75.03714285714285,16.83733242723758,53.0,152.0,99.0,74.0,12.0,5914.068571428571,56.0,60.75,74.0,84.0,95.0,0.045756828075159336,-0.00715307582260372,6.918591014303841,3.855507868383405,622.0,15.932475884244372,2.451839648959415,8.0,22.0,14.0,16.0,2.0,259.85530546623795,13.0,14.0,16.0,18.0,19.0,0.0035422359425645545,-0.00322061191626409,2.3391898754465346,1.7262479871175522,382.0,30.74607329842932,21.045846807080206,1.0,89.0,88.0,25.0,13.0,1388.2486910994764,6.100000000000001,15.0,25.0,44.75,67.0,0.11861548726856698,-0.013123359580052493,10.175485747232488,6.139107611548557
26,80,140.0,63.0,64.0,64.0,7.0,22.0,14.0,17.0,17.0,99.0,24.0,25620.0,0.0,0.0,7440.0,12060.0,6120.0,0.0,2408.0,665.0,11786.0,,17.0,14.0,20.0,0.0,25.0,68.0,group4,31,dataset_user_31_train.csv,678.0,79.67109144542773,15.043185297086957,63.0,140.0,77.0,75.0,7.0,6573.780235988201,67.0,69.0,75.0,85.0,102.0,0.02175340955913463,-0.0014771048744460858,5.737873156901431,3.658788774002954,568.0,15.514084507042254,2.570104167048153,8.0,21.0,13.0,16.0,2.0,247.29225352112675,12.0,14.0,16.0,18.0,18.0,-0.008744781387668588,-0.001763668430335097,2.0977010328356456,1.529100529100529,353.0,23.991501416430594,12.492601153540553,6.0,97.0,91.0,21.0,4.0,731.657223796034,14.200000000000003,18.0,21.0,25.0,37.0,0.028938342710729526,0.014204545454545454,9.345169051147485,5.139204545454546
26,85,123.0,60.0,62.0,58.0,8.0,23.0,15.0,15.0,13.0,96.0,37.0,22320.0,0.0,0.0,5220.0,14700.0,2400.0,,2510.0,329.0,3006.0,,15.0,10.0,20.0,,,,group4,4,dataset_user_4_train.csv,720.0,76.88055555555556,10.502230436236031,60.0,123.0,63.0,75.0,6.0,6020.916666666667,65.0,69.0,75.0,83.0,92.0,-0.00930084741675813,-0.02642559109874826,4.90670936782107,3.433936022253129,626.0,15.138977635782748,2.4962940409328715,8.0,22.0,14.0,15.0,2.0,235.42012779552715,12.0,13.0,15.0,17.0,19.0,0.0010546249445862693,0.0032,,,378.0,36.34656084656085,18.57371988005649,9.0,92.0,83.0,30.0,9.0,1666.0555555555557,19.0,23.0,30.0,44.0,65.0,,-0.10344827586206896,9.55383538704547,6.1458885941644565
26,89,104.0,61.0,63.0,61.0,8.0,23.0,16.0,14.0,15.0,,30.0,29197.0,0.0,0.0,5580.0,18420.0,5220.0,1380.0,1887.0,68.0,1714.0,,14.0,11.0,22.0,1.0,31.0,73.0,group4,40,dataset_user_40_train.csv,720.0,77.85833333333333,8.248699392429492,61.0,104.0,43.0,78.0,5.0,6129.961111111111,67.0,72.0,78.0,83.0,88.10000000000002,0.010761916336001163,-0.037552155771905425,4.052504178129987,,672.0,14.941964285714286,2.2108823811967917,8.0,22.0,14.0,15.0,2.0,228.15029761904762,12.0,13.0,15.0,16.0,18.0,0.0017443597617397345,-0.0014903129657228018,2.0474980223544796,1.4798807749627423,424.0,30.169811320754718,16.451169424575816,5.0,88.0,83.0,25.5,8.5,1180.8584905660377,13.0,19.0,25.5,37.0,54.39999999999998,-0.004761927251832097,,8.736719354380648,5.404255319148936
27,45,111.0,53.0,54.0,60.0,6.0,23.0,15.0,14.0,15.0,96.0,23.0,36180.0,0.0,0.0,2280.0,19500.0,14400.0,660.0,1673.0,184.0,2823.0,,14.0,11.0,18.0,1.0,5.0,60.0,group4,13,dataset_user_13_train.csv,720.0,71.24722222222222,13.730035730938194,53.0,111.0,58.0,,11.0,5264.680555555556,56.0,58.0,,82.0,90.0,0.0386253638606556,0.0013908205841446453,4.837411952051609,3.0806675938803894,654.0,14.562691131498472,2.374343515774401,6.0,22.0,16.0,14.0,1.0,217.70948012232415,12.0,13.0,14.0,16.0,18.0,0.003019201566849743,,2.03678338243264,1.3644716692189893,418.0,22.669856459330145,23.98715965280302,1.0,94.0,93.0,12.0,10.0,1089.3062200956938,2.0,3.0,12.0,36.75,61.0,0.12671995073432293,0.02877697841726619,10.163608221363106,5.721822541966427
27,76,136.0,62.0,64.0,65.0,8.0,23.0,15.0,17.0,18.0,95.0,28.0,26700.0,0.0,0.0,7020.0,14640.0,5040.0,1260.0,2184.0,441.0,6632.0,,17.0,12.0,21.0,1.0,20.0,68.0,group4,31,dataset_user_31_train.csv,720.0,80.50416666666666,12.248695367035806,62.0,136.0,74.0,79.0,8.0,6630.951388888889,66.0,71.0,79.0,86.0,97.0,0.025037422911695424,0.0013908205841446453,5.038240223217034,3.420027816411683,616.0,15.857142857142858,2.5664634604602403,8.0,22.0,14.0,16.0,2.0,258.0357142857143,12.0,14.0,16.0,18.0,19.0,-0.0033626491309220494,-0.0032520325203252032,2.199036557678854,1.5772357723577235,387.0,28.170542635658915,14.787796507436116,8.0,90.0,82.0,24.0,7.0,1012.2583979328166,15.0,18.0,24.0,34.0,49.0,0.047138540684527476,-0.0051813471502590676,10.91773164834855,6.803108808290156
27,79,117.0,50.0,54.0,58.0,8.0,22.0,16.0,13.0,13.0,86.0,26.0,25844.0,0.0,0.0,3960.0,16620.0,5280.0,120.0,2533.0,352.0,6492.0,,13.0,8.0,20.0,0.0,11.0,60.0,group4,4,dataset_user_4_train.csv,720.0,72.02916666666667,11.22103601747876,50.0,117.0,67.0,71.0,8.0,5314.1125,57.0,63.75,71.0,80.0,87.0,0.028768654389122413,0.015299026425591099,5.513270336766705,3.659248956884562,603.0,14.81592039800995,2.5776714279261377,8.0,22.0,14.0,15.0,2.0,226.15588723051408,12.0,13.0,15.0,16.0,18.0,0.0046495318177106355,-0.0016611295681063123,2.4149996178612163,1.6993355481727574,380.0,26.563157894736843,19.446518035677013,1.0,83.0,82.0,23.0,13.0,1083.7684210526315,4.0,11.0,23.0,40.0,58.10000000000002,0.1062765779468512,0.04221635883905013,11.69233162523435,6.812664907651715
27,87,141.0,62.0,64.0,62.0,8.0,22.0,16.0,15.0,14.0,99.0,38.0,30240.0,0.0,0.0,5520.0,20340.0,4380.0,360.0,2852.0,1033.0,12228.0,,15.0,10.0,21.0,0.0,15.0,69.0,group4,40,dataset_user_40_train.csv,720.0,86.19722222222222,17.07629913898063,62.0,141.0,79.0,84.0,12.0,7721.561111111111,66.0,71.0,84.0,96.0,110.0,0.04162864897501732,0.008344923504867872,4.973077718024501,3.2211404728789987,597.0,15.177554438860971,2.1404531641392976,8.0,21.0,13.0,15.0,1.0,234.9396984924623,13.0,14.0,15.0,17.0,18.0,0.001132911984221347,0.0016778523489932886,2.163997017292714,1.5419463087248322,348.0,37.89942528735632,25.47996056657669,5.0,98.0,93.0,36.5,22.5,2085.594827586207,8.700000000000003,13.75,36.5,57.0,76.0,0.16784017139015608,0.023054755043227664,10.272626051788498,6.265129682997118
28,77,109.0,60.0,61.0,61.0,8.0,22.0,14.0,15.0,15.0,96.0,40.0,14940.0,0.0,0.0,3120.0,11520.0,300.0,1620.0,1679.0,190.0,5816.0,,15.0,11.0,19.0,2.0,21.0,68.0,group4,13,dataset_user_13_train.csv,,78.54185692541857,10.109077775803614,60.0,109.0,49.0,77.0,7.0,6271.016742770167,66.0,71.0,77.0,86.0,92.0,0.023252541983303832,0.04420731707317073,5.225949264307604,3.535060975609756,581.0,14.85025817555938,2.4974935667163276,9.0,20.0,11.0,15.0,2.0,226.76764199655767,11.0,13.0,15.0,16.0,18.0,-0.006322930236001646,0.0034482758620689655,2.4865129659994203,1.8103448275862069,370.0,39.894594594594594,21.49122317329321,6.0,94.0,88.0,34.5,13.5,2053.451351351351,16.0,23.0,34.5,55.0,73.10000000000002,0.10999590741882505,0.14092140921409213,12.810128116019646,8.422764227642276
28,84,151.0,62.0,67.0,65.0,8.0,23.0,16.0,18.0,17.0,95.0,27.0,25500.0,0.0,0.0,5640.0,16320.0,3540.0,1260.0,2344.0,601.0,9490.0,,18.0,,21.0,1.0,22.0,71.0,group4,31,dataset_user_31_train.csv,720.0,81.00416666666666,14.83759243629355,62.0,151.0,89.0,76.0,6.0,6781.829166666666,69.0,71.0,76.0,85.0,103.0,0.022864997167561404,-0.005563282336578581,5.470616636131079,3.4853963838664814,638.0,16.58307210031348,2.437011241467669,8.0,22.0,14.0,17.0,1.0,280.9373040752351,13.0,15.0,17.0,18.0,19.0,-0.0023530206004361265,0.0,2.3420261190322367,1.7299843014128728,402.0,26.756218905472636,13.715309876441246,3.0,90.0,87.0,22.0,3.0,904.0049751243781,16.0,19.0,22.0,28.0,49.0,0.03698579188117258,-0.014962593516209476,9.079300156552009,5.082294264339152
28,80,135.0,59.0,62.0,62.0,8.0,22.0,15.0,14.0,14.0,97.0,34.0,34171.0,0.0,0.0,6060.0,21120.0,7020.0,720.0,2306.0,487.0,5580.0,,14.0,11.0,19.0,1.0,18.0,68.0,group4,40,dataset_user_40_train.csv,720.0,81.09166666666667,14.187531204077287,59.0,135.0,76.0,79.0,10.0,6777.144444444444,65.0,69.0,79.0,91.0,100.0,0.04624182659817375,0.008344923504867872,4.5296043557416255,3.0097357440890127,615.0,14.71869918699187,2.0235744593264573,,21.0,12.0,15.0,1.0,220.7349593495935,12.0,13.0,15.0,16.0,17.0,6.417670674443536e-05,0.004885993485342019,2.2188800994639846,1.506514657980456,371.0,34.17789757412399,22.411386374911608,3.0,96.0,93.0,25.0,11.0,1670.398921832884,11.0,17.0,25.0,49.0,69.0,0.13951595278436424,0.0,10.246159465076843,6.6
29,79,139.0,61.0,63.0,65.0,8.0,22.0,16.0,17.0,17.0,92.0,22.0,25620.0,0.0,0.0,6960.0,11760.0,6900.0,60.0,2213.0,470.0,8716.0,,17.0,13.0,19.0,0.0,16.0,67.0,group4,31,dataset_user_31_train.csv,699.0,77.63948497854078,14.302432849994482,61.0,139.0,78.0,74.0,7.0,6232.44921316166,65.0,67.0,74.0,82.0,98.0,0.013625757397416472,0.0,5.3370629270863095,3.3810888252148996,595.0,16.346218487394957,2.2486892509240226,9.0,22.0,13.0,17.0,1.0,272.255462184874,13.0,15.0,17.0,18.0,19.0,-0.001290099118760784,0.0016835016835016834,2.209178251362588,1.5437710437710437,380.0,22.25263157894737,11.220721827848248,3.0,82.0,79.0,19.0,4.0,621.0842105263158,13.0,16.0,19.0,25.0,37.0,0.021251641558969823,-0.002638522427440633,8.400433045986329,4.788918205804749
29,89,125.0,61.0,64.0,63.0,8.0,22.0,15.0,14.0,14.0,96.0,39.0,25080.0,0.0,0.0,4920.0,14580.0,5580.0,0.0,2187.0,368.0,4844.0,,14.0,11.0,19.0,0.0,25.0,70.0,group4,40,dataset_user_40_train.csv,701.0,82.03851640513552,11.880765215552302,61.0,125.0,64.0,83.0,9.0,6871.470756062768,67.0,71.0,83.0,89.0,98.0,0.039722531391575625,-0.0014285714285714286,4.8557769087711495,3.2985714285714285,614.0,14.646579804560261,1.9705931817427222,8.0,20.0,12.0,15.0,1.0,218.40553745928338,12.0,13.0,15.0,16.0,17.0,-0.00016311917666418565,-0.0032626427406199023,2.1996564594276222,1.5693311582381728,390.0,38.71025641025641,21.429326836188825,5.0,93.0,88.0,38.0,19.0,1957.7,14.0,19.0,38.0,56.0,67.0,0.12001323024932647,0.02056555269922879,9.961343726215912,6.4113110539845755
